season,match_type,match_name,round,date,home_team,away_team,result,win_loss
2006,中乙南区预赛,中乙南区预赛1轮,第1轮,2006-05-06,安徽九方,上海东亚,2-0,负
2006,中乙南区预赛,中乙南区预赛2轮,第2轮,2006-05-13,武汉雅琪,上海东亚,2-0,负
2006,中乙南区预赛,中乙南区预赛4轮,第4轮,2006-05-27,丽江东巴,上海东亚,1-0,负
2006,中乙南区预赛,中乙南区预赛5轮,第5轮,2006-06-03,上海东亚,宁波中豹,1-1,平
2006,中乙南区预赛,中乙南区预赛6轮,第6轮,2006-07-15,广西天基,上海东亚,3-2,负
2006,中乙南区预赛,中乙南区预赛7轮,第7轮,2006-07-22,上海东亚,苏州趣普仕,5-2,胜
2006,中乙南区预赛,中乙南区预赛8轮,第8轮,2006-07-29,上海东亚,四川,2-2,平
2006,中乙南区预赛,中乙南区预赛9轮,第9轮,2006-08-05,上海东亚,宁波华奥,1-2,负
2006,中乙南区预赛,中乙南区预赛10轮,第10轮,2006-08-12,上海东亚,安徽九方,1-2,负
2006,中乙南区预赛,中乙南区预赛11轮,第11轮,2006-08-19,上海东亚,武汉雅琪,4-1,胜
2006,中乙南区预赛,中乙南区预赛13轮,第13轮,2006-09-02,上海东亚,丽江东巴,3-5,负
2006,中乙南区预赛,中乙南区预赛14轮,第14轮,2006-09-09,宁波中豹,上海东亚,0-0,平
2006,中乙南区预赛,中乙南区预赛15轮,第15轮,2006-09-16,上海东亚,广西天基,1-3,负
2006,中乙南区预赛,中乙南区预赛16轮,第16轮,2006-09-23,苏州趣普仕,上海东亚,1-4,胜
2006,中乙南区预赛,中乙南区预赛17轮,第17轮,2006-09-30,四川,上海东亚,1-1,平
2006,中乙南区预赛,中乙南区预赛18轮,第18轮,2006-10-07,宁波华奥,上海东亚,1-1,平
2007,中乙北区预赛,中乙北区预赛1轮,第1轮,2007-05-05,上海东亚,青岛黎明,5-1,胜
2007,中乙北区预赛,中乙北区预赛2轮,第2轮,2007-05-12,天津东丽,上海东亚,0-0,平
2007,中乙北区预赛,中乙北区预赛3轮,第3轮,2007-05-26,上海东亚,杭州三超,4-0,胜
2007,中乙北区预赛,中乙北区预赛4轮,第4轮,2007-06-02,呼和浩特滨海,上海东亚,2-4,胜
2007,中乙北区预赛,中乙北区预赛5轮,第5轮,2007-06-09,上海东亚,火车头泰丽达,3-1,胜
2007,中乙北区预赛,中乙北区预赛6轮,第6轮,2007-06-23,上海东亚,新疆体彩,2-3,负
2007,中乙北区预赛,中乙北区预赛7轮,第7轮,2007-06-30,镇江中安,上海东亚,0-0,平
2007,中乙北区预赛,中乙北区预赛8轮,第8轮,2007-08-04,青岛黎明,上海东亚,0-4,胜
2007,中乙北区预赛,中乙北区预赛9轮,第9轮,2007-08-11,上海东亚,天津东丽,2-1,胜
2007,中乙北区预赛,中乙北区预赛11轮,第11轮,2007-09-01,上海东亚,呼和浩特滨海,0-0,平
2007,中乙北区预赛,中乙北区预赛12轮,第12轮,2007-09-08,火车头泰丽达,上海东亚,2-0,负
2007,中乙北区预赛,中乙北区预赛10(补赛)轮,第10轮（补赛）,2007-09-14,杭州三超,上海东亚,0-1,胜
2007,中乙北区预赛,中乙北区预赛13轮,第13轮,2007-09-22,新疆体彩,上海东亚,1-2,胜
2007,中乙北区预赛,中乙北区预赛14轮,第14轮,2007-09-29,上海东亚,镇江中安,3-1,胜
2007,中乙总决赛,中乙总决赛半决赛首回合轮,半决赛首回合,2007-11-20,安徽九华山,上海东亚,1-1,平
2007,中乙总决赛,中乙总决赛半决赛次回合轮,半决赛次回合,2007-11-22,上海东亚,安徽九华山,2-1,胜
2007,中乙总决赛,中乙总决赛决赛,决赛,2007-11-25,四川,上海东亚,1-2,胜
2008,中甲联赛,中甲联赛1轮,第1轮,2008-04-05,八一南昌,上海东亚,0-0,平
2008,中甲联赛,中甲联赛2轮,第2轮,2008-04-13,上海东亚,青岛海利丰,1-2,负
2008,中甲联赛,中甲联赛3轮,第3轮,2008-04-18,上海东亚,北京宏登,1-1,平
2008,中甲联赛,中甲联赛5轮,第5轮,2008-05-02,上海东亚,南京有有,1-1,平
2008,中甲联赛,中甲联赛6轮,第6轮,2008-05-10,烟台毅腾飓风,上海东亚,2-2,平
2008,中甲联赛,中甲联赛7轮,第7轮,2008-05-18,上海东亚,安徽九方,1-2,负
2008,中甲联赛,中甲联赛8轮,第8轮,2008-05-31,上海东亚,四川,2-1,胜
2008,中甲联赛,中甲联赛9轮,第9轮,2008-06-06,上海东亚,延边,2-1,胜
2008,中甲联赛,中甲联赛10轮,第10轮,2008-06-14,北京理工,上海东亚,0-0,平
2008,中甲联赛,中甲联赛11轮,第11轮,2008-06-21,上海东亚,江苏舜天,0-2,负
2008,中甲联赛,中甲联赛12轮,第12轮,2008-06-28,上海东亚,重庆力帆,1-0,胜
2008,中甲联赛,中甲联赛13轮,第13轮,2008-07-05,上海东亚,无锡众邦,1-1,平
2008,中甲联赛,中甲联赛14轮,第14轮,2008-07-13,上海东亚,八一南昌,0-1,负
2008,中甲联赛,中甲联赛15轮,第15轮,2008-08-30,青岛海利丰,上海东亚,0-2,胜
2008,中甲联赛,中甲联赛18轮,第18轮,2008-09-20,南京有有,上海东亚,3-2,负
2008,中甲联赛,中甲联赛19轮,第19轮,2008-09-26,上海东亚,烟台毅腾飓风,3-1,胜
2008,中甲联赛,中甲联赛20轮,第20轮,2008-10-05,安徽九方,上海东亚,1-2,胜
2008,中甲联赛,中甲联赛21轮,第21轮,2008-10-11,四川,上海东亚,1-1,平
2008,中甲联赛,中甲联赛22轮,第22轮,2008-10-18,延边,上海东亚,0-2,胜
2008,中甲联赛,中甲联赛23轮,第23轮,2008-10-25,上海东亚,北京理工,0-1,负
2008,中甲联赛,中甲联赛16(补赛)轮,第16轮（补赛）,2008-10-28,北京宏登,上海东亚,2-0,负
2008,中甲联赛,中甲联赛24轮,第24轮,2008-10-31,江苏舜天,上海东亚,4-1,负
2008,中甲联赛,中甲联赛25轮,第25轮,2008-11-08,重庆力帆,上海东亚,1-0,负
2008,中甲联赛,中甲联赛26轮,第26轮,2008-11-15,无锡众邦,上海东亚,2-1,负
2009,中甲联赛,中甲联赛1轮,第1轮,2009-03-29,上海东亚,延边,2-1,胜
2009,中甲联赛,中甲联赛2轮,第2轮,2009-04-04,南京有有,上海东亚,1-0,负
2009,中甲联赛,中甲联赛3轮,第3轮,2009-04-11,上海东亚,上海浦东中邦,2-0,胜
2009,中甲联赛,中甲联赛4轮,第4轮,2009-04-18,四川西部智谷,上海东亚,1-3,胜
2009,中甲联赛,中甲联赛5轮,第5轮,2009-04-25,上海东亚,辽宁宏运,0-0,平
2009,中甲联赛,中甲联赛6轮,第6轮,2009-05-02,北京燕捷圣,上海东亚,1-2,胜
2009,中甲联赛,中甲联赛7轮,第7轮,2009-05-08,上海东亚,南昌八一衡源,2-1,胜
2009,中甲联赛,中甲联赛8轮,第8轮,2009-05-17,上海东亚,安徽九方,0-0,平
2009,中甲联赛,中甲联赛10轮,第10轮,2009-06-20,青岛海利丰,上海东亚,0-2,胜
2009,中甲联赛,中甲联赛11轮,第11轮,2009-06-27,广东日之泉,上海东亚,4-2,负
2009,中甲联赛,中甲联赛12轮,第12轮,2009-07-04,沈阳东进,上海东亚,0-0,平
2009,中甲联赛,中甲联赛13轮,第13轮,2009-07-15,上海东亚,北京理工贵人鸟,2-1,胜
2009,中甲联赛,中甲联赛14轮,第14轮,2009-08-08,延边,上海东亚,1-1,平
2009,中甲联赛,中甲联赛16轮,第16轮,2009-08-21,上海浦东中邦,上海东亚,2-1,负
2009,中甲联赛,中甲联赛17轮,第17轮,2009-08-28,上海东亚,四川西部智谷,6-1,胜
2009,中甲联赛,中甲联赛18轮,第18轮,2009-09-02,辽宁,上海东亚,2-0,负
2009,中甲联赛,中甲联赛19轮,第19轮,2009-09-06,上海东亚,北京燕捷圣,3-0,胜
2009,中甲联赛,中甲联赛20轮,第20轮,2009-09-12,南昌八一衡源,上海东亚,3-1,负
2009,中甲联赛,中甲联赛21轮,第21轮,2009-09-19,安徽九方,上海东亚,1-2,胜
2009,中甲联赛,中甲联赛15(补赛)轮,第15轮（补赛）,2009-09-29,上海东亚,南京有有,4-0,胜
2009,中甲联赛,中甲联赛23轮,第23轮,2009-10-10,上海东亚,青岛海利丰,4-1,胜
2009,中甲联赛,中甲联赛24轮,第24轮,2009-10-14,上海东亚,广东日之泉,1-0,胜
2009,中甲联赛,中甲联赛25轮,第25轮,2009-10-18,上海东亚,沈阳东进,2-3,负
2009,中甲联赛,中甲联赛26轮,第26轮,2009-10-25,北京理工贵人鸟,上海东亚,1-1,平
2010,中甲联赛,中甲联赛1轮,第1轮,2010-04-04,上海东亚,广东日之泉,2-0,胜
2010,中甲联赛,中甲联赛2轮,第2轮,2010-04-10,湖北东方国旅,上海东亚,0-0,平
2010,中甲联赛,中甲联赛3轮,第3轮,2010-04-16,上海东亚,南京有有,0-0,平
2010,中甲联赛,中甲联赛4轮,第4轮,2010-04-22,湖南湘涛,上海东亚,2-1,负
2010,中甲联赛,中甲联赛5轮,第5轮,2010-04-25,北京理工,上海东亚,1-2,胜
2010,中甲联赛,中甲联赛6轮,第6轮,2010-05-01,上海浦东中邦,上海东亚,0-0,平
2010,中甲联赛,中甲联赛7轮,第7轮,2010-05-07,上海东亚,广州广汽恒大,1-3,负
2010,中甲联赛,中甲联赛8(补赛)轮,第8轮（补赛）,2010-06-05,上海东亚,沈阳东进,0-0,平
2010,中甲联赛,中甲联赛9轮,第9轮,2010-05-22,成都谢菲联,上海东亚,0-3,胜
2010,中甲联赛,中甲联赛10轮,第10轮,2010-05-29,安徽九方,上海东亚,0-1,胜
2010,中甲联赛,中甲联赛12轮,第12轮,2010-07-20,上海东亚,北京八喜,0-0,平
2010,中甲联赛,中甲联赛13轮,第13轮,2010-07-24,延边,上海东亚,1-0,负
2010,中甲联赛,中甲联赛14轮,第14轮,2010-07-31,广东日之泉,上海东亚,1-2,胜
2010,中甲联赛,中甲联赛15轮,第15轮,2010-08-07,上海东亚,湖北东方国旅,1-0,胜
2010,中甲联赛,中甲联赛16轮,第16轮,2010-08-15,南京有有,上海东亚,2-2,平
2010,中甲联赛,中甲联赛17轮,第17轮,2010-08-21,上海东亚,湖南湘涛,2-1,胜
2010,中甲联赛,中甲联赛18轮,第18轮,2010-08-24,上海东亚,北京理工,1-1,平
2010,中甲联赛,中甲联赛19轮,第19轮,2010-08-28,上海东亚,上海浦东中邦,4-1,胜
2010,中甲联赛,中甲联赛20轮,第20轮,2010-09-04,广州广汽恒大,上海东亚,1-1,平
2010,中甲联赛,中甲联赛21轮,第21轮,2010-09-12,沈阳东进,上海东亚,3-1,负
2010,中甲联赛,中甲联赛22轮,第22轮,2010-09-19,上海东亚,成都谢菲联,0-1,负
2010,中甲联赛,中甲联赛23轮,第23轮,2010-09-24,上海东亚,安徽九方,1-0,胜
2010,中甲联赛,中甲联赛25轮,第25轮,2010-10-23,北京八喜,上海东亚,0-0,平
2010,中甲联赛,中甲联赛26轮,第26轮,2010-10-30,上海东亚,延边,0-0,平
2011,中甲联赛,中甲联赛1轮,第1轮,2011-03-27,上海东亚,大连阿尔滨,0-1,负
2011,中甲联赛,中甲联赛2轮,第2轮,2011-04-03,重庆力帆,上海东亚,1-0,负
2011,中甲联赛,中甲联赛3轮,第3轮,2011-04-09,上海东亚,湖南湘涛,2-2,平
2011,中甲联赛,中甲联赛4轮,第4轮,2011-04-13,上海东亚,北京八喜,1-0,胜
2011,中甲联赛,中甲联赛5轮,第5轮,2011-04-18,上海东亚,天津润宇隆,2-1,胜
2011,中甲联赛,中甲联赛6轮,第6轮,2011-04-24,上海东亚,湖北中博,0-0,平
2011,中甲联赛,中甲联赛7轮,第7轮,2011-04-30,沈阳东进,上海东亚,1-1,平
2011,足协杯,足协杯第一轮,第1轮,2011-05-05,上海东亚,湖北中博,2-0,胜
2011,中甲联赛,中甲联赛8轮,第8轮,2011-05-08,上海东亚,广东日之泉,2-1,胜
2011,足协杯,足协杯第二轮,第2轮,2011-05-11,北京国安,上海东亚,1-0,负
2011,中甲联赛,中甲联赛9轮,第9轮,2011-05-14,延边长白虎,上海东亚,0-1,胜
2011,中甲联赛,中甲联赛10轮,第10轮,2011-05-21,上海东亚,天津松江,2-2,平
2011,中甲联赛,中甲联赛11轮,第11轮,2011-05-28,北京361°大学生,上海东亚,1-4,胜
2011,中甲联赛,中甲联赛12轮,第12轮,2011-06-05,上海东亚,深圳凤凰,1-1,平
2011,中甲联赛,中甲联赛13轮,第13轮,2011-06-11,贵州通源,上海东亚,1-1,平
2011,中甲联赛,中甲联赛14轮,第14轮,2011-06-25,大连阿尔滨,上海东亚,2-1,负
2011,中甲联赛,中甲联赛15轮,第15轮,2011-07-03,上海东亚,重庆力帆,0-1,负
2011,中甲联赛,中甲联赛16轮,第16轮,2011-07-10,湖南湘涛,上海东亚,2-1,负
2011,中甲联赛,中甲联赛17轮,第17轮,2011-07-31,北京八喜,上海东亚,0-2,胜
2011,中甲联赛,中甲联赛18轮,第18轮,2011-08-06,沈阳沈北荣盛,上海东亚,1-0,负
2011,中甲联赛,中甲联赛19轮,第19轮,2011-08-13,湖北中博,上海东亚,0-0,平
2011,中甲联赛,中甲联赛20轮,第20轮,2011-08-20,上海东亚,沈阳东进,2-2,平
2011,中甲联赛,中甲联赛21轮,第21轮,2011-08-27,广东日之泉,上海东亚,2-2,平
2011,中甲联赛,中甲联赛22轮,第22轮,2011-09-11,上海东亚,延边长白虎,4-0,胜
2011,中甲联赛,中甲联赛23轮,第23轮,2011-09-24,天津松江,上海东亚,2-0,负
2011,中甲联赛,中甲联赛24轮,第24轮,2011-10-15,上海东亚,北京361°大学生,0-0,平
2011,中甲联赛,中甲联赛25轮,第25轮,2011-10-22,广州富力,上海东亚,1-0,负
2011,中甲联赛,中甲联赛26轮,第26轮,2011-10-30,上海东亚,贵州通源,0-0,平
2012,中甲联赛,中甲联赛1轮,第1轮,2012-03-17,上海特莱士,重庆力帆,2-0,胜
2012,中甲联赛,中甲联赛2轮,第2轮,2012-03-24,深圳茅台红钻,上海特莱士,0-1,胜
2012,中甲联赛,中甲联赛3轮,第3轮,2012-03-31,上海特莱士,沈阳沈北,0-0,平
2012,中甲联赛,中甲联赛4轮,第4轮,2012-04-08,上海特莱士,延边长白虎,2-0,胜
2012,中甲联赛,中甲联赛5轮,第5轮,2012-04-14,上海特莱士,湖南湘涛,2-0,胜
2012,中甲联赛,中甲联赛6轮,第6轮,2012-04-21,北京八喜,上海特莱士,1-2,胜
2012,中甲联赛,中甲联赛7轮,第7轮,2012-04-30,上海特莱士,福建骏豪,1-1,平
2012,中甲联赛,中甲联赛8轮,第8轮,2012-05-05,天津松江,上海特莱士,3-0,负
2012,中甲联赛,中甲联赛9轮,第9轮,2012-05-12,重庆FC,上海特莱士,0-0,平
2012,中甲联赛,中甲联赛10轮,第10轮,2012-05-19,呼和浩特东进,上海特莱士,1-3,胜
2012,中甲联赛,中甲联赛11轮,第11轮,2012-05-26,武汉卓尔,上海特莱士,0-1,胜
2012,足协杯,足协杯第二轮,第2轮,2012-06-02,上海特莱士,福建骏豪,6-0,胜
2012,中甲联赛,中甲联赛12轮,第12轮,2012-06-09,上海特莱士,哈尔滨松北毅腾,3-1,胜
2012,中甲联赛,中甲联赛13轮,第13轮,2012-06-16,成都谢菲联,上海特莱士,0-1,胜
2012,中甲联赛,中甲联赛14轮,第14轮,2012-06-23,北京361°大学生,上海特莱士,0-3,胜
2012,足协杯,足协杯十六分之一决赛,十六分之一决赛,2012-06-26,浙江绿城,上海特莱士,3-0,负
2012,中甲联赛,中甲联赛15轮,第15轮,2012-06-30,上海特莱士,广东日之泉,2-1,胜
2012,中甲联赛,中甲联赛16轮,第16轮,2012-07-07,重庆力帆,上海特莱士,3-1,负
2012,中甲联赛,中甲联赛17轮,第17轮,2012-07-13,上海特莱士,深圳茅台红钻,3-3,平
2012,中甲联赛,中甲联赛18轮,第18轮,2012-07-22,沈阳沈北,上海特莱士,1-0,负
2012,中甲联赛,中甲联赛19轮,第19轮,2012-07-28,延边长白虎,上海特莱士,0-3,胜
2012,中甲联赛,中甲联赛20轮,第20轮,2012-08-04,湖南湘涛,上海特莱士,2-1,负
2012,中甲联赛,中甲联赛21轮,第21轮,2012-08-12,上海特莱士,北京八喜,2-2,平
2012,中甲联赛,中甲联赛22轮,第22轮,2012-08-18,福建骏豪,上海特莱士,1-1,平
2012,中甲联赛,中甲联赛23轮,第23轮,2012-08-26,上海特莱士,天津松江,3-0,胜
2012,中甲联赛,中甲联赛24轮,第24轮,2012-09-01,上海特莱士,重庆FC,0-0,平
2012,中甲联赛,中甲联赛25轮,第25轮,2012-09-16,上海特莱士,呼和浩特东进,1-0,胜
2012,中甲联赛,中甲联赛26轮,第26轮,2012-09-23,上海特莱士,武汉卓尔,0-1,负
2012,中甲联赛,中甲联赛27轮,第27轮,2012-09-29,哈尔滨松北毅腾,上海特莱士,0-3,胜
2012,中甲联赛,中甲联赛28轮,第28轮,2012-10-07,上海特莱士,成都谢菲联,3-2,胜
2012,中甲联赛,中甲联赛29轮,第29轮,2012-10-20,上海特莱士,北京361°大学生,1-0,胜
2012,中甲联赛,中甲联赛30轮,第30轮,2012-10-28,广东日之泉,上海特莱士,2-2,平
2013,中超联赛,中超联赛1轮,第1轮,2013-03-08,北京国安,上海东亚,4-1,负
2013,中超联赛,中超联赛2轮,第2轮,2013-03-16,上海东亚,贵州人和,1-1,平
2013,中超联赛,中超联赛3轮,第3轮,2013-03-30,大连阿尔滨,上海东亚,3-3,平
2013,中超联赛,中超联赛4轮,第4轮,2013-04-07,上海东亚,长春亚泰,2-0,胜
2013,中超联赛,中超联赛5轮,第5轮,2013-04-13,广州富力,上海东亚,0-0,平
2013,中超联赛,中超联赛6轮,第6轮,2013-04-20,上海东亚,天津泰达,1-0,胜
2013,中超联赛,中超联赛7轮,第7轮,2013-04-28,上海申花,上海东亚,2-1,负
2013,中超联赛,中超联赛8轮,第8轮,2013-05-05,上海东亚,辽宁宏运,1-2,负
2013,中超联赛,中超联赛9轮,第9轮,2013-05-12,浙江绿城,上海东亚,2-1,负
2013,中超联赛,中超联赛10轮,第10轮,2013-05-18,山东鲁能,上海东亚,1-0,负
2013,足协杯,足协杯十六分之一决赛,十六分之一决赛,2013-05-21,上海东亚,重庆力帆,2-2,平
2013,中超联赛,中超联赛11轮,第11轮,2013-05-25,青岛中能,上海东亚,1-0,负
2013,中超联赛,中超联赛12轮,第12轮,2013-06-02,上海申鑫,上海东亚,1-6,胜
2013,中超联赛,中超联赛13轮,第13轮,2013-06-22,上海东亚,武汉卓尔,1-0,胜
2013,中超联赛,中超联赛14轮,第14轮,2013-06-25,广州恒大,上海东亚,1-0,负
2013,中超联赛,中超联赛15轮,第15轮,2013-06-29,上海东亚,江苏舜天,2-1,负
2013,中超联赛,中超联赛16轮,第16轮,2013-07-07,上海东亚,北京国安,0-3,负
2013,足协杯,足协杯八分之一决赛,八分之一决赛,2013-07-10,青岛中能,上海东亚,0-0,平
2013,中超联赛,中超联赛17轮,第17轮,2013-07-14,贵州人和,上海东亚,0-3,胜
2013,中超联赛,中超联赛18轮,第18轮,2013-07-31,上海东亚,大连阿尔滨,2-2,平
2013,中超联赛,中超联赛19轮,第19轮,2013-08-04,长春亚泰,上海东亚,0-0,平
2013,中超联赛,中超联赛20轮,第20轮,2013-08-11,上海东亚,广州富力,0-3,负
2013,中超联赛,中超联赛21轮,第21轮,2013-08-17,天津泰达,上海东亚,2-3,胜
2013,中超联赛,中超联赛22轮,第22轮,2013-08-24,上海东亚,上海申花,0-1,负
2013,中超联赛,中超联赛24轮,第24轮,2013-09-15,上海东亚,浙江绿城,2-0,胜
2013,中超联赛,中超联赛25轮,第25轮,2013-09-20,上海东亚,山东鲁能,0-1,负
2013,中超联赛,中超联赛26轮,第26轮,2013-09-27,上海东亚,青岛中能,6-1,胜
2013,中超联赛,中超联赛27轮,第27轮,2013-10-05,上海东亚,上海申鑫,0-1,负
2013,中超联赛,中超联赛23(补赛)轮,第23轮（补赛）,2013-10-12,辽宁宏运,上海东亚,1-0,负
2013,中超联赛,中超联赛28轮,第28轮,2013-10-20,武汉卓尔,上海东亚,0-1,胜
2013,中超联赛,中超联赛29轮,第29轮,2013-10-30,上海东亚,广州恒大,1-1,平
2013,中超联赛,中超联赛30轮,第30轮,2013-11-03,江苏舜天,上海东亚,0-0,平
2014,中超联赛,中超联赛1轮,第1轮,2014-03-09,辽宁宏运,上海上港,1-1,平
2014,中超联赛,中超联赛2轮,第2轮,2014-03-16,上海上港,上海申鑫,5-1,胜
2014,中超联赛,中超联赛3轮,第3轮,2014-03-22,杭州绿城,上海上港,1-2,胜
2014,中超联赛,中超联赛4轮,第4轮,2014-03-28,上海上港,北京国安,1-0,胜
2014,中超联赛,中超联赛5轮,第5轮,2014-04-05,河南建业,上海上港,1-0,负
2014,中超联赛,中超联赛6轮,第6轮,2014-04-12,上海上港,长春亚泰,1-0,胜
2014,中超联赛,中超联赛7轮,第7轮,2014-04-20,大连阿尔滨,上海上港,1-1,平
2014,中超联赛,中超联赛8轮,第8轮,2014-04-26,上海上港,上海申花,1-1,平
2014,中超联赛,中超联赛9轮,第9轮,2014-04-30,广州恒大,上海上港,5-0,负
2014,中超联赛,中超联赛10轮,第10轮,2014-05-04,广州富力,上海上港,2-2,平
2014,中超联赛,中超联赛11轮,第11轮,2014-05-11,上海上港,贵州人和,5-2,胜
2014,中超联赛,中超联赛12轮,第12轮,2014-05-18,山东鲁能,上海上港,3-3,平
2014,中超联赛,中超联赛14轮,第14轮,2014-05-25,江苏舜天,上海上港,1-0,负
2014,中超联赛,中超联赛13(补赛)轮,第13轮（补赛）,2014-05-28,上海上港,哈尔滨毅腾,1-0,胜
2014,足协杯,足协杯十六分之一决赛,十六分之一决赛,2014-07-16,武汉宏兴,上海上港,0-0,平
2014,中超联赛,中超联赛15轮,第15轮,2014-07-19,上海上港,天津泰达,1-1,平
2014,中超联赛,中超联赛16轮,第16轮,2014-07-27,上海上港,辽宁宏运,3-3,平
2014,中超联赛,中超联赛17轮,第17轮,2014-07-30,上海申鑫,上海上港,1-3,胜
2014,中超联赛,中超联赛18轮,第18轮,2014-08-03,上海上港,杭州绿城,2-1,胜
2014,中超联赛,中超联赛19轮,第19轮,2014-08-10,北京国安,上海上港,2-0,负
2014,中超联赛,中超联赛20轮,第20轮,2014-08-13,上海上港,河南建业,1-0,胜
2014,中超联赛,中超联赛21轮,第21轮,2014-08-17,长春亚泰,上海上港,1-2,胜
2014,中超联赛,中超联赛22轮,第22轮,2014-08-23,上海上港,大连阿尔滨,2-0,胜
2014,中超联赛,中超联赛23轮,第23轮,2014-08-31,上海申花,上海上港,1-1,平
2014,中超联赛,中超联赛24轮,第24轮,2014-09-13,上海上港,广州恒大,0-3,负
2014,中超联赛,中超联赛25轮,第25轮,2014-09-21,上海上港,广州富力,1-2,负
2014,中超联赛,中超联赛26轮,第26轮,2014-09-28,贵州人和,上海上港,1-1,平
2014,中超联赛,中超联赛27轮,第27轮,2014-10-05,上海上港,山东鲁能,0-0,平
2014,中超联赛,中超联赛28轮,第28轮,2014-10-19,哈尔滨毅腾,上海上港,1-1,平
2014,中超联赛,中超联赛29轮,第29轮,2014-10-26,上海上港,江苏舜天,3-0,胜
2014,中超联赛,中超联赛30轮,第30轮,2014-11-02,天津泰达,上海上港,3-3,平
2015,中超联赛,中超联赛1轮,第1轮,2015-03-07,上海上港,江苏舜天,2-1,胜
2015,中超联赛,中超联赛2轮,第2轮,2015-03-15,上海申鑫,上海上港,0-2,胜
2015,中超联赛,中超联赛3轮,第3轮,2015-03-22,上海上港,广州富力,2-1,胜
2015,中超联赛,中超联赛4轮,第4轮,2015-04-05,天津泰达,上海上港,0-0,平
2015,中超联赛,中超联赛5轮,第5轮,2015-04-12,上海上港,北京国安,1-1,平
2015,中超联赛,中超联赛6轮,第6轮,2015-04-19,上海上港,重庆力帆,2-1,胜
2015,中超联赛,中超联赛7轮,第7轮,2015-04-26,上海上港,河南建业,3-0,胜
2015,中超联赛,中超联赛8轮,第8轮,2015-05-03,杭州绿城,上海上港,1-1,平
2015,中超联赛,中超联赛9轮,第9轮,2015-05-09,上海上港,上海申花,5-0,胜
2015,足协杯,足协杯十六分之一决赛,十六分之一决赛,2015-05-12,大连超越,上海上港,1-2,胜
2015,中超联赛,中超联赛10轮,第10轮,2015-05-15,广州恒大,上海上港,1-1,平
2015,中超联赛,中超联赛11轮,第11轮,2015-05-22,贵州人和,上海上港,2-0,负
2015,中超联赛,中超联赛12轮,第12轮,2015-05-29,上海上港,山东鲁能,3-4,负
2015,中超联赛,中超联赛13轮,第13轮,2015-06-03,石家庄永昌,上海上港,2-2,平
2015,中超联赛,中超联赛14轮,第14轮,2015-06-19,上海上港,长春亚泰,5-3,胜
2015,中超联赛,中超联赛15轮,第15轮,2015-06-24,辽宁宏运,上海上港,1-3,胜
2015,中超联赛,中超联赛16轮,第16轮,2015-06-27,江苏舜天,上海上港,1-4,胜
2015,中超联赛,中超联赛17轮,第17轮,2015-07-05,上海上港,上海申鑫,2-0,胜
2015,足协杯,足协杯八分之一决赛,八分之一决赛,2015-07-08,上海上港,广州富力,2-1,胜
2015,中超联赛,中超联赛18轮,第18轮,2015-07-12,广州富力,上海上港,2-3,胜
2015,中超联赛,中超联赛19轮,第19轮,2015-07-16,上海上港,天津泰达,2-1,胜
2015,中超联赛,中超联赛20轮,第20轮,2015-07-20,北京国安,上海上港,0-0,平
2015,中超联赛,中超联赛21轮,第21轮,2015-07-25,重庆力帆,上海上港,2-4,胜
2015,中超联赛,中超联赛22轮,第22轮,2015-08-12,河南建业,上海上港,2-2,平
2015,中超联赛,中超联赛23轮,第23轮,2015-08-16,上海上港,杭州绿城,2-1,胜
2015,足协杯,足协杯四分之一决赛,四分之一决赛,2015-08-19,上海申花,上海上港,3-3,平
2015,中超联赛,中超联赛24轮,第24轮,2015-08-23,上海申花,上海上港,1-2,胜
2015,中超联赛,中超联赛25轮,第25轮,2015-09-12,上海上港,广州恒大,0-3,负
2015,中超联赛,中超联赛26轮,第26轮,2015-09-19,上海上港,贵州人和,3-1,胜
2015,中超联赛,中超联赛27轮,第27轮,2015-09-26,山东鲁能,上海上港,0-1,胜
2015,中超联赛,中超联赛28轮,第28轮,2015-10-17,上海上港,石家庄永昌,2-2,平
2015,中超联赛,中超联赛29轮,第29轮,2015-10-25,长春亚泰,上海上港,0-2,胜
2015,中超联赛,中超联赛30轮,第30轮,2015-10-31,上海上港,辽宁宏运,2-1,胜
2016,亚冠联赛,亚冠联赛资格赛第三轮,第3轮,2016-02-09,上海上港,蒙通联,3-0,胜
2016,亚冠联赛,亚冠联赛G组第一轮,第1轮,2016-02-24,墨尔本胜利,上海上港,2-1,负
2016,亚冠联赛,亚冠联赛G组第二轮,第2轮,2016-03-02,上海上港,水原三星,2-1,胜
2016,中超联赛,中超联赛1轮,第1轮,2016-03-05,河南建业,上海上港,1-0,负
2016,中超联赛,中超联赛2轮,第2轮,2016-03-11,上海上港,上海申花,1-1,平
2016,亚冠联赛,亚冠联赛G组第三轮,第3轮,2016-03-15,上海上港,大阪钢巴,2-1,胜
2016,中超联赛,中超联赛3轮,第3轮,2016-04-02,重庆力帆,上海上港,1-1,平
2016,亚冠联赛,亚冠联赛G组第四轮,第4轮,2016-04-06,大阪钢巴,上海上港,0-2,胜
2016,中超联赛,中超联赛4轮,第4轮,2016-04-10,上海上港,辽宁宏运,4-0,胜
2016,中超联赛,中超联赛5轮,第5轮,2016-04-15,上海上港,广州富力,1-0,胜
2016,亚冠联赛,亚冠联赛G组第五轮,第5轮,2016-04-19,上海上港,墨尔本胜利,3-1,胜
2016,中超联赛,中超联赛6轮,第6轮,2016-04-24,长春亚泰,上海上港,1-3,胜
2016,中超联赛,中超联赛7轮,第7轮,2016-04-29,上海上港,延边富德,3-0,胜
2016,亚冠联赛,亚冠联赛G组第六轮,第6轮,2016-05-03,水原三星,上海上港,3-0,负
2016,中超联赛,中超联赛8轮,第8轮,2016-05-08,石家庄永昌,上海上港,1-2,胜
2016,足协杯,足协杯十六分之一决赛,十六分之一决赛,2016-05-11,北京北控,上海上港,0-1,胜
2016,中超联赛,中超联赛9轮,第9轮,2016-05-14,北京国安,上海上港,2-1,负
2016,亚冠联赛,亚冠联赛八分之一决赛首回合轮,八分之一决赛首回合,2016-05-17,东京FC,上海上港,2-1,负
2016,中超联赛,中超联赛10轮,第10轮,2016-05-21,上海上港,杭州绿城,1-0,胜
2016,亚冠联赛,亚冠联赛八分之一决赛次回合轮,八分之一决赛次回合,2016-05-24,上海上港,东京FC,1-0,胜
2016,中超联赛,中超联赛11轮,第11轮,2016-05-29,广州恒大,上海上港,1-1,平
2016,中超联赛,中超联赛12轮,第12轮,2016-06-11,上海上港,江苏苏宁,1-2,负
2016,中超联赛,中超联赛21(提前)轮,21(提前),2016-06-15,上海上港,长春亚泰,1-1,平
2016,中超联赛,中超联赛13轮,第13轮,2016-06-19,山东鲁能,上海上港,0-0,平
2016,中超联赛,中超联赛14轮,第14轮,2016-06-25,上海上港,天津泰达,1-1,平
2016,足协杯,足协杯八分之一决赛,八分之一决赛,2016-06-29,广州富力,上海上港,1-0,负
2016,中超联赛,中超联赛15轮,第15轮,2016-07-03,河北华夏,上海上港,0-2,胜
2016,中超联赛,中超联赛16轮,第16轮,2016-07-10,上海上港,河南建业,5-0,胜
2016,中超联赛,中超联赛17轮,第17轮,2016-07-17,上海申花,上海上港,2-1,负
2016,中超联赛,中超联赛18轮,第18轮,2016-07-20,上海上港,重庆力帆,5-3,胜
2016,中超联赛,中超联赛19轮,第19轮,2016-07-23,辽宁宏运,上海上港,3-1,负
2016,中超联赛,中超联赛20轮,第20轮,2016-07-31,广州富力,上海上港,3-3,平
2016,中超联赛,中超联赛22轮,第22轮,2016-08-13,延边富德,上海上港,1-1,平
2016,中超联赛,中超联赛23轮,第23轮,2016-08-19,上海上港,石家庄永昌,4-1,胜
2016,亚冠联赛,亚冠联赛四分之一决赛首回合轮,四分之一决赛首回合,2016-08-23,上海上港,全北现代,0-0,平
2016,中超联赛,中超联赛24轮,第24轮,2016-09-09,上海上港,北京国安,2-2,平
2016,亚冠联赛,亚冠联赛四分之一决赛次回合轮,四分之一决赛次回合,2016-09-13,全北现代,上海上港,5-0,负
2016,中超联赛,中超联赛25轮,第25轮,2016-09-18,杭州绿城,上海上港,1-2,胜
2016,中超联赛,中超联赛26轮,第26轮,2016-09-24,上海上港,广州恒大,0-0,平
2016,中超联赛,中超联赛27轮,第27轮,2016-10-15,江苏苏宁,上海上港,2-1,负
2016,中超联赛,中超联赛28轮,第28轮,2016-10-22,上海上港,山东鲁能,4-1,胜
2016,中超联赛,中超联赛29轮,第29轮,2016-10-26,天津泰达,上海上港,0-1,胜
2016,中超联赛,中超联赛30轮,第30轮,2016-10-30,上海上港,河北华夏,3-1,胜
2017,亚冠联赛,亚冠联赛资格赛第三轮,第3轮,2017-02-07,上海上港,素可泰,3-0,胜
2017,亚冠联赛,亚冠联赛F组第一轮,第1轮,2017-02-21,首尔FC,上海上港,0-1,胜
2017,亚冠联赛,亚冠联赛F组第二轮,第2轮,2017-02-28,上海上港,西悉尼流浪者,5-1,胜
2017,中超联赛,中超联赛1轮,第1轮,2017-03-04,上海上港,长春亚泰,5-1,胜
2017,中超联赛,中超联赛2轮,第2轮,2017-03-10,上海上港,延边富德,2-0,胜
2017,亚冠联赛,亚冠联赛F组第三轮,第3轮,2017-03-15,上海上港,浦和红钻,3-2,胜
2017,中超联赛,中超联赛3轮,第3轮,2017-04-01,广州恒大,上海上港,3-2,负
2017,中超联赛,中超联赛4轮,第4轮,2017-04-07,上海上港,山东鲁能,2-1,胜
2017,亚冠联赛,亚冠联赛F组第四轮,第4轮,2017-04-11,浦和红钻,上海上港,1-0,负
2017,中超联赛,中超联赛5轮,第5轮,2017-04-15,天津权健,上海上港,1-1,平
2017,中超联赛,中超联赛6轮,第6轮,2017-04-21,上海上港,河北华夏,3-0,胜
2017,亚冠联赛,亚冠联赛F组第五轮,第5轮,2017-04-26,上海上港,首尔FC,4-2,胜
2017,中超联赛,中超联赛7轮,第7轮,2017-04-30,重庆力帆,上海上港,1-1,平
2017,足协杯,足协杯十六分之一决赛,十六分之一决赛,2017-05-03,石家庄永昌,上海上港,0-2,胜
2017,中超联赛,中超联赛8轮,第8轮,2017-05-06,上海上港,恒丰智诚,3-0,胜
2017,亚冠联赛,亚冠联赛F组第六轮,第6轮,2017-05-10,西悉尼流浪者,上海上港,3-2,负
2017,中超联赛,中超联赛9轮,第9轮,2017-05-14,天津泰达,上海上港,0-1,胜
2017,中超联赛,中超联赛10轮,第10轮,2017-05-20,上海申花,上海上港,1-3,胜
2017,亚冠联赛,亚冠联赛八分之一决赛首回合轮,八分之一决赛首回合,2017-05-24,上海上港,江苏苏宁,2-1,胜
2017,中超联赛,中超联赛11轮,第11轮,2017-05-27,上海上港,北京国安,5-1,胜
2017,亚冠联赛,亚冠联赛八分之一决赛次回合轮,八分之一决赛次回合,2017-05-31,江苏苏宁,上海上港,2-3,胜
2017,中超联赛,中超联赛12轮,第12轮,2017-06-03,上海上港,辽宁宏运,4-1,胜
2017,中超联赛,中超联赛13轮,第13轮,2017-06-18,广州富力,上海上港,1-1,平
2017,足协杯,足协杯八分之一决赛,八分之一决赛,2017-06-21,苏州东吴,上海上港,1-1,平
2017,中超联赛,中超联赛14轮,第14轮,2017-06-25,上海上港,河南建业,4-1,胜
2017,中超联赛,中超联赛15轮,第15轮,2017-07-01,江苏苏宁,上海上港,0-1,胜
2017,中超联赛,中超联赛16轮,第16轮,2017-07-09,长春亚泰,上海上港,4-2,负
2017,中超联赛,中超联赛17轮,第17轮,2017-07-15,延边富德,上海上港,1-3,胜
2017,足协杯,足协杯四分之一决赛首回合轮,四分之一决赛首回合,2017-07-19,天津权健,上海上港,3-0,负
2017,中超联赛,中超联赛18轮,第18轮,2017-07-22,上海上港,广州恒大,2-2,平
2017,中超联赛,中超联赛19轮,第19轮,2017-07-30,山东鲁能,上海上港,2-1,负
2017,足协杯,足协杯四分之一决赛次回合轮,四分之一决赛次回合,2017-08-03,上海上港,天津权健,4-0,胜
2017,中超联赛,中超联赛20轮,第20轮,2017-08-06,上海上港,天津权健,0-0,平
2017,中超联赛,中超联赛21轮,第21轮,2017-08-10,华夏幸福,上海上港,2-2,平
2017,中超联赛,中超联赛22轮,第22轮,2017-08-13,上海上港,重庆力帆,3-2,胜
2017,足协杯,足协杯半决赛首回合轮,半决赛首回合,2017-08-16,上海上港,广州恒大,2-1,胜
2017,中超联赛,中超联赛23轮,第23轮,2017-08-19,恒丰智诚,上海上港,2-1,负
2017,亚冠联赛,亚冠联赛四分之一决赛首回合轮,四分之一决赛首回合,2017-08-22,上海上港,广州恒大,4-0,胜
2017,中超联赛,中超联赛24轮,第24轮,2017-09-09,上海上港,天津泰达,3-1,胜
2017,亚冠联赛,亚冠联赛四分之一决赛次回合轮,四分之一决赛次回合,2017-09-12,广州恒大,上海上港,5-1,负
2017,中超联赛,中超联赛25轮,第25轮,2017-09-16,上海上港,上海申花,6-1,胜
2017,中超联赛,中超联赛26轮,第26轮,2017-09-22,北京国安,上海上港,0-1,胜
2017,亚冠联赛,亚冠联赛半决赛首回合轮,半决赛首回合,2017-09-27,上海上港,浦和红钻,1-1,平
2017,足协杯,足协杯半决赛次回合轮,半决赛次回合,2017-09-30,广州恒大,上海上港,1-4,胜
2017,中超联赛,中超联赛27轮,第27轮,2017-10-14,辽宁宏运,上海上港,3-3,平
2017,亚冠联赛,亚冠联赛半决赛次回合轮,半决赛次回合,2017-10-18,浦和红钻,上海上港,1-0,负
2017,中超联赛,中超联赛28轮,第28轮,2017-10-22,上海上港,广州富力,1-2,负
2017,中超联赛,中超联赛29轮,第29轮,2017-10-29,河南建业,上海上港,2-4,胜
2017,中超联赛,中超联赛30轮,第30轮,2017-11-04,上海上港,江苏苏宁,2-3,负
2017,足协杯,足协杯决赛首回合轮,决赛首回合,2017-11-19,上海申花,上海上港,1-0,负
2017,足协杯,足协杯决赛次回合轮,决赛次回合,2017-11-26,上海上港,上海申花,3-2,胜
2018,亚冠联赛,亚冠联赛资格赛第三轮,第3轮,2018-01-30,上海上港,清莱联,1-0,胜
2018,亚冠联赛,亚冠联赛F组第一轮,第1轮,2018-02-13,川崎前锋,上海上港,0-1,胜
2018,亚冠联赛,亚冠联赛F组第二轮,第2轮,2018-02-20,上海上港,墨尔本胜利,4-1,胜
2018,中超联赛,中超联赛1轮,第1轮,2018-03-03,上海上港,大连一方,8-0,胜
2018,亚冠联赛,亚冠联赛F组第三轮,第3轮,2018-03-07,上海上港,蔚山现代,2-2,平
2018,中超联赛,中超联赛2轮,第2轮,2018-03-10,上海申花,上海上港,0-2,胜
2018,亚冠联赛,亚冠联赛F组第四轮,第4轮,2018-03-13,蔚山现代,上海上港,0-1,胜
2018,中超联赛,中超联赛3轮,第3轮,2018-03-18,广州富力,上海上港,2-5,胜
2018,中超联赛,中超联赛4轮,第4轮,2018-03-30,上海上港,重庆力帆,2-1,胜
2018,亚冠联赛,亚冠联赛F组第五轮,第5轮,2018-04-04,上海上港,川崎前锋,1-1,平
2018,中超联赛,中超联赛5轮,第5轮,2018-04-08,河南建业,上海上港,1-2,胜
2018,中超联赛,中超联赛6轮,第6轮,2018-04-13,上海上港,河北华夏,2-0,胜
2018,亚冠联赛,亚冠联赛F组第六轮,第6轮,2018-04-18,墨尔本胜利,上海上港,2-1,负
2018,中超联赛,中超联赛7轮,第7轮,2018-04-22,上海上港,天津泰达,1-1,平
2018,足协杯,足协杯十六分之一决赛,十六分之一决赛,2018-04-25,陕西长安竞技,上海上港,0-1,胜
2018,中超联赛,中超联赛8轮,第8轮,2018-04-29,长春亚泰,上海上港,2-1,负
2018,足协杯,足协杯八分之一决赛,八分之一决赛,2018-05-02,上海上港,北京人和,0-0,平
2018,中超联赛,中超联赛9轮,第9轮,2018-05-05,上海上港,北京国安,1-2,负
2018,亚冠联赛,亚冠联赛八分之一决赛首回合轮,八分之一决赛首回合,2018-05-09,鹿岛鹿角,上海上港,3-1,负
2018,中超联赛,中超联赛10轮,第10轮,2018-05-12,贵州恒丰,上海上港,1-1,平
2018,亚冠联赛,亚冠联赛八分之一决赛次回合轮,八分之一决赛次回合,2018-05-16,上海上港,鹿岛鹿角,2-1,胜
2018,中超联赛,中超联赛11轮,第11轮,2018-05-20,上海上港,江苏苏宁,2-0,胜
2018,足协杯,足协杯四分之一决赛首回合轮,四分之一决赛首回合,2018-06-09,北京国安,上海上港,2-1,负
2018,中超联赛,中超联赛12轮,第12轮,2018-07-17,山东鲁能,上海上港,1-1,平
2018,足协杯,足协杯四分之一决赛次回合轮,四分之一决赛次回合,2018-07-25,上海上港,北京国安,2-1,胜
2018,中超联赛,中超联赛14轮,第14轮,2018-07-28,北京人和,上海上港,1-5,胜
2018,中超联赛,中超联赛15轮,第15轮,2018-08-01,上海上港,天津权健,4-1,胜
2018,中超联赛,中超联赛16轮,第16轮,2018-08-05,大连一方,上海上港,1-0,负
2018,中超联赛,中超联赛17轮,第17轮,2018-08-11,上海上港,上海申花,2-0,胜
2018,中超联赛,中超联赛18轮,第18轮,2018-08-15,上海上港,广州富力,3-1,胜
2018,中超联赛,中超联赛19轮,第19轮,2018-08-18,重庆力帆,上海上港,2-3,胜
2018,中超联赛,中超联赛20轮,第20轮,2018-08-25,上海上港,河南建业,2-1,胜
2018,中超联赛,中超联赛21轮,第21轮,2018-09-01,河北华夏,上海上港,1-1,平
2018,中超联赛,中超联赛22轮,第22轮,2018-09-14,天津泰达,上海上港,2-5,胜
2018,中超联赛,中超联赛13(补赛)轮,第13轮（补赛）,2018-09-18,上海上港,广州恒大,2-1,胜
2018,中超联赛,中超联赛23轮,第23轮,2018-09-22,上海上港,长春亚泰,3-1,胜
2018,中超联赛,中超联赛24轮,第24轮,2018-09-29,北京国安,上海上港,0-1,胜
2018,中超联赛,中超联赛25轮,第25轮,2018-10-07,上海上港,贵州恒丰,5-0,胜
2018,中超联赛,中超联赛26轮,第26轮,2018-10-21,江苏苏宁,上海上港,0-0,平
2018,中超联赛,中超联赛27轮,第27轮,2018-10-28,上海上港,山东鲁能,4-2,胜
2018,中超联赛,中超联赛28轮,第28轮,2018-11-03,广州恒大,上海上港,4-5,胜
2018,中超联赛,中超联赛29轮,第29轮,2018-11-07,上海上港,北京人和,2-1,胜
2018,中超联赛,中超联赛30轮,第30轮,2018-11-11,天津权健,上海上港,3-2,负
2019,超级杯,超级杯nan轮,,2019-02-23,上海上港,北京国安,2-0,胜
2019,中超联赛,中超联赛1轮,第1轮,2019-03-01,上海申花,上海上港,0-4,胜
2019,亚冠联赛,亚冠联赛H组第一轮,第1轮,2019-03-06,上海上港,川崎前锋,1-0,胜
2019,中超联赛,中超联赛2轮,第2轮,2019-03-09,上海上港,江苏苏宁,3-2,胜
2019,亚冠联赛,亚冠联赛H组第二轮,第2轮,2019-03-13,蔚山现代,上海上港,1-0,负
2019,中超联赛,中超联赛3轮,第3轮,2019-03-30,河北华夏,上海上港,1-2,胜
2019,中超联赛,中超联赛4轮,第4轮,2019-04-05,上海上港,重庆力帆,2-3,负
2019,亚冠联赛,亚冠联赛H组第三轮,第3轮,2019-04-10,悉尼FC,上海上港,3-3,平
2019,中超联赛,中超联赛5轮,第5轮,2019-04-14,上海上港,武汉卓尔,2-1,胜
2019,中超联赛,中超联赛6轮,第6轮,2019-04-19,天津天海,上海上港,0-0,平
2019,亚冠联赛,亚冠联赛H组第四轮,第4轮,2019-04-23,上海上港,悉尼FC,2-2,平
2019,中超联赛,中超联赛7轮,第7轮,2019-04-28,天津泰达,上海上港,0-2,胜
2019,足协杯,足协杯十六分之一决赛,十六分之一决赛,2019-05-01,武汉卓尔,上海上港,1-3,胜
2019,中超联赛,中超联赛8轮,第8轮,2019-05-04,上海上港,广州富力,2-0,胜
2019,亚冠联赛,亚冠联赛H组第五轮,第5轮,2019-05-07,川崎前锋,上海上港,2-2,平
2019,中超联赛,中超联赛9轮,第9轮,2019-05-12,上海上港,山东鲁能,2-1,胜
2019,中超联赛,中超联赛10轮,第10轮,2019-05-17,河南建业,上海上港,0-1,胜
2019,亚冠联赛,亚冠联赛H组第六轮,第6轮,2019-05-21,上海上港,蔚山现代,5-0,胜
2019,中超联赛,中超联赛11轮,第11轮,2019-05-26,上海上港,北京国安,2-1,胜
2019,足协杯,足协杯八分之一决赛,八分之一决赛,2019-05-29,上海上港,吉林百嘉,4-0,胜
2019,中超联赛,中超联赛12轮,第12轮,2019-06-02,大连一方,上海上港,1-2,胜
2019,中超联赛,中超联赛13轮,第13轮,2019-06-14,上海上港,广州恒大,0-2,负
2019,亚冠联赛,亚冠联赛八分之一决赛首回合轮,八分之一决赛首回合,2019-06-19,上海上港,全北现代,1-1,平
2019,中超联赛,中超联赛14轮,第14轮,2019-06-22,上海上港,北京人和,3-0,胜
2019,亚冠联赛,亚冠联赛八分之一决赛次回合轮,八分之一决赛次回合,2019-06-26,全北现代,上海上港,1-1,平
2019,中超联赛,中超联赛15轮,第15轮,2019-06-30,深圳佳兆业,上海上港,0-1,胜
2019,中超联赛,中超联赛16轮,第16轮,2019-07-06,上海上港,上海申花,3-1,胜
2019,中超联赛,中超联赛17轮,第17轮,2019-07-13,江苏苏宁,上海上港,0-3,胜
2019,中超联赛,中超联赛18轮,第18轮,2019-07-17,上海上港,河北华夏,3-0,胜
2019,中超联赛,中超联赛19轮,第19轮,2019-07-21,重庆力帆,上海上港,2-2,平
2019,足协杯,足协杯四分之一决赛,四分之一决赛,2019-07-24,广州恒大,上海上港,0-2,胜
2019,中超联赛,中超联赛20轮,第20轮,2019-07-28,武汉卓尔,上海上港,1-1,平
2019,中超联赛,中超联赛21轮,第21轮,2019-08-03,上海上港,天津天海,0-0,平
2019,中超联赛,中超联赛23(提前)轮,23(提前),2019-08-09,广州富力,上海上港,2-2,平
2019,中超联赛,中超联赛22轮,第22轮,2019-08-14,上海上港,天津泰达,5-1,胜
2019,足协杯,足协杯半决赛,半决赛,2019-08-20,上海上港,山东鲁能,0-2,负
2019,亚冠联赛,亚冠联赛四分之一决赛首回合轮,四分之一决赛首回合,2019-08-27,上海上港,浦和红钻,2-2,平
2019,中超联赛,中超联赛24轮,第24轮,2019-09-13,山东鲁能,上海上港,3-1,负
2019,亚冠联赛,亚冠联赛四分之一决赛次回合轮,四分之一决赛次回合,2019-09-17,浦和红钻,上海上港,1-1,平
2019,中超联赛,中超联赛25轮,第25轮,2019-09-22,上海上港,河南建业,2-1,胜
2019,中超联赛,中超联赛26轮,第26轮,2019-10-19,北京国安,上海上港,0-2,胜
2019,中超联赛,中超联赛27轮,第27轮,2019-10-27,上海上港,大连一方,3-0,胜
2019,中超联赛,中超联赛28轮,第28轮,2019-11-23,广州恒大,上海上港,2-0,负
2019,中超联赛,中超联赛29轮,第29轮,2019-11-27,北京人和,上海上港,1-1,平
2019,中超联赛,中超联赛30轮,第30轮,2019-12-01,上海上港,深圳佳兆业,6-0,胜
2020,亚冠联赛,亚冠联赛资格赛第三轮,第3轮,2020-01-28,上海上港,武里南联,3-0,胜
2020,中超联赛,中超联赛1轮,第1轮,2020-07-27,天津泰达,上海上港,1-3,胜
2020,中超联赛,中超联赛2轮,第2轮,2020-08-02,上海上港,河北华夏,4-0,胜
2020,中超联赛,中超联赛3轮,第3轮,2020-08-06,青岛黄海,上海上港,1-1,平
2020,中超联赛,中超联赛4轮,第4轮,2020-08-12,上海上港,武汉卓尔,2-1,胜
2020,中超联赛,中超联赛5轮,第5轮,2020-08-16,上海上港,石家庄永昌,1-1,平
2020,中超联赛,中超联赛6轮,第6轮,2020-08-22,北京国安,上海上港,1-2,胜
2020,中超联赛,中超联赛7轮,第7轮,2020-08-26,上海上港,重庆当代,3-0,胜
2020,中超联赛,中超联赛8轮,第8轮,2020-08-29,上海上港,天津泰达,4-1,胜
2020,中超联赛,中超联赛9轮,第9轮,2020-09-05,河北华夏,上海上港,2-0,负
2020,中超联赛,中超联赛10轮,第10轮,2020-09-10,上海上港,青岛黄海,2-1,胜
2020,中超联赛,中超联赛11轮,第11轮,2020-09-15,武汉卓尔,上海上港,1-2,胜
2020,足协杯,足协杯第一轮,第1轮,2020-09-19,上海上港,重庆当代,3-2,胜
2020,中超联赛,中超联赛12轮,第12轮,2020-09-22,石家庄永昌,上海上港,0-1,胜
2020,中超联赛,中超联赛13轮,第13轮,2020-09-25,上海上港,北京国安,1-0,胜
2020,中超联赛,中超联赛14轮,第14轮,2020-09-28,重庆当代,上海上港,1-0,负
2020,中超联赛,中超联赛15轮,第15轮,2020-10-18,上海申花,上海上港,0-0,平
2020,中超联赛,中超联赛16轮,第16轮,2020-10-23,上海上港,上海申花,1-1,平
2020,中超联赛,中超联赛17轮,第17轮,2020-10-29,江苏苏宁,上海上港,1-1,平
2020,中超联赛,中超联赛18轮,第18轮,2020-11-02,上海上港,江苏苏宁,1-2,负
2020,中超联赛,中超联赛19轮,第19轮,2020-11-07,上海上港,北京国安,1-2,负
2020,中超联赛,中超联赛20轮,第20轮,2020-11-11,北京国安,上海上港,1-1,平
2020,亚冠联赛,亚冠联赛H组第一轮,第1轮,2020-11-19,悉尼FC,上海上港,1-2,胜
2020,亚冠联赛,亚冠联赛H组第二轮,第2轮,2020-11-22,全北现代,上海上港,1-2,胜
2020,亚冠联赛,亚冠联赛H组第三轮,第3轮,2020-11-25,上海上港,横滨水手,0-1,负
2020,足协杯,足协杯第二轮,第2轮,2020-11-26,上海上港,长春亚泰,0-4,负
2020,亚冠联赛,亚冠联赛H组第四轮,第4轮,2020-11-28,横滨水手,上海上港,1-2,胜
2020,亚冠联赛,亚冠联赛H组第五轮,第5轮,2020-12-01,上海上港,悉尼FC,0-4,负
2020,亚冠联赛,亚冠联赛H组第六轮,第6轮,2020-12-04,上海上港,全北现代,0-2,负
2020,亚冠联赛,亚冠联赛八分之一决赛,八分之一决赛,2020-12-07,神户胜利船,上海上港,2-0,负
2021,中超联赛,中超联赛1轮,第1轮,2021-04-22,天津津门虎,上海海港,1-6,胜
2021,中超联赛,中超联赛2轮,第2轮,2021-04-28,上海海港,北京国安,3-1,胜
2021,中超联赛,中超联赛3轮,第3轮,2021-05-05,上海申花,上海海港,1-1,平
2021,中超联赛,中超联赛4轮,第4轮,2021-05-11,上海海港,长春亚泰,0-0,平
2021,中超联赛,中超联赛5轮,第5轮,2021-05-16,上海海港,大连人,3-0,胜
2021,亚冠联赛,亚冠联赛资格赛第三轮,第3轮,2021-06-23,上海海港,卡雅FC,0-1,负
2021,中超联赛,中超联赛6轮,第6轮,2021-07-19,武汉,上海海港,0-0,平
2021,中超联赛,中超联赛7轮,第7轮,2021-07-23,上海海港,河北,1-0,胜
2021,中超联赛,中超联赛9轮,第9轮,2021-07-28,北京国安,上海海港,1-1,平
2021,中超联赛,中超联赛10轮,第10轮,2021-07-31,上海海港,上海申花,1-0,胜
2021,中超联赛,中超联赛11轮,第11轮,2021-08-03,长春亚泰,上海海港,2-1,负
2021,中超联赛,中超联赛12轮,第12轮,2021-08-06,大连人,上海海港,0-5,胜
2021,中超联赛,中超联赛13轮,第13轮,2021-08-09,上海海港,武汉,3-0,胜
2021,中超联赛,中超联赛14轮,第14轮,2021-08-12,河北,上海海港,1-0,负
2021,中超联赛,中超联赛8(补赛)轮,第8轮（补赛）,2021-08-15,上海海港,天津津门虎,5-0,胜
2021,足协杯,足协杯十六分之一决赛,十六分之一决赛,2021-10-14,上海海港,西安骏狼,1-0,胜
2021,足协杯,足协杯八分之一决赛,八分之一决赛,2021-10-18,上海海港,陕西长安竞技,2-1,胜
2021,足协杯,足协杯四分之一决赛首回合轮,四分之一决赛首回合,2021-10-24,大连人,上海海港,0-3,胜
2021,足协杯,足协杯四分之一决赛次回合轮,四分之一决赛次回合,2021-10-29,上海海港,大连人,0-0,平
2021,足协杯,足协杯半决赛首回合轮,半决赛首回合,2021-11-03,上海申花,上海海港,1-5,胜
2021,足协杯,足协杯半决赛次回合轮,半决赛次回合,2021-11-07,上海海港,上海申花,1-1,平
2021,中超联赛,中超联赛15轮,第15轮,2021-12-13,深圳,上海海港,1-3,胜
2021,中超联赛,中超联赛16轮,第16轮,2021-12-16,上海海港,广州城,1-0,胜
2021,中超联赛,中超联赛17轮,第17轮,2021-12-19,上海海港,山东泰山,0-2,负
2021,中超联赛,中超联赛18轮,第18轮,2021-12-22,广州,上海海港,0-0,平
2021,中超联赛,中超联赛19轮,第19轮,2021-12-26,上海海港,深圳,3-1,胜
2021,中超联赛,中超联赛20轮,第20轮,2021-12-29,广州城,上海海港,1-2,胜
2022,中超联赛,中超联赛21轮,第21轮,2022-01-01,山东泰山,上海海港,2-2,平
2022,中超联赛,中超联赛22轮,第22轮,2022-01-04,上海海港,广州,1-0,胜
2022,足协杯,足协杯决赛,决赛,2022-01-09,山东泰山,上海海港,1-0,负
2022,中超联赛,中超联赛1轮,第1轮,2022-06-04,上海海港,武汉长江,0-1,负
2022,中超联赛,中超联赛2轮,第2轮,2022-06-08,上海申花,上海海港,2-0,负
2022,中超联赛,中超联赛3轮,第3轮,2022-06-11,河北,上海海港,0-2,胜
2022,中超联赛,中超联赛4轮,第4轮,2022-06-15,上海海港,广州,1-0,胜
2022,中超联赛,中超联赛5轮,第5轮,2022-06-19,武汉三镇,上海海港,2-1,负
2022,中超联赛,中超联赛6轮,第6轮,2022-06-25,武汉长江,上海海港,1-2,胜
2022,中超联赛,中超联赛7轮,第7轮,2022-06-29,上海海港,上海申花,1-1,平
2022,中超联赛,中超联赛8轮,第8轮,2022-07-04,上海海港,河北,2-1,胜
2022,中超联赛,中超联赛9轮,第9轮,2022-07-08,广州,上海海港,0-1,胜
2022,中超联赛,中超联赛10轮,第10轮,2022-07-12,上海海港,武汉三镇,0-1,负
2022,中超联赛,中超联赛11轮,第11轮,2022-08-06,大连人,上海海港,1-1,平
2022,中超联赛,中超联赛13轮,第13轮,2022-08-16,上海海港,深圳,2-0,胜
2022,中超联赛,中超联赛14轮,第14轮,2022-08-20,上海海港,浙江,1-1,平
2022,中超联赛,中超联赛15轮,第15轮,2022-08-27,上海海港,天津津门虎,1-0,胜
2022,中超联赛,中超联赛12(补赛)轮,第12轮（补赛）,2022-09-01,沧州雄狮,上海海港,0-0,平
2022,中超联赛,中超联赛16(补赛)轮,第16轮（补赛）,2022-09-20,河南嵩山龙门,上海海港,1-2,胜
2022,中超联赛,中超联赛17(补赛)轮,第17轮（补赛）,2022-09-25,上海海港,广州城,2-0,胜
2022,中超联赛,中超联赛18(补赛)轮,第18轮（补赛）,2022-09-29,上海海港,成都蓉城,3-0,胜
2022,中超联赛,中超联赛21轮,第21轮,2022-10-05,上海海港,北京国安,0-1,负
2022,中超联赛,中超联赛22轮,第22轮,2022-10-09,长春亚泰,上海海港,1-4,胜
2022,中超联赛,中超联赛19(补赛)轮,第19轮（补赛）,2022-10-24,上海海港,梅州客家,7-0,胜
2022,中超联赛,中超联赛20(补赛)轮,第20轮（补赛）,2022-10-30,山东泰山,上海海港,3-1,负
2022,中超联赛,中超联赛23轮,第23轮,2022-11-04,上海海港,大连人,2-1,胜
2022,中超联赛,中超联赛24轮,第24轮,2022-11-08,上海海港,沧州雄狮,2-0,胜
2022,中超联赛,中超联赛25轮,第25轮,2022-11-13,深圳,上海海港,0-3,胜
2022,足协杯,足协杯十六分之一决赛,十六分之一决赛,2022-11-18,南京城市,上海海港,0-5,胜
2022,中超联赛,中超联赛26轮,第26轮,2022-11-22,浙江,上海海港,2-1,负
2022,中超联赛,中超联赛27轮,第27轮,2022-11-26,天津津门虎,上海海港,1-0,负
2022,中超联赛,中超联赛28轮,第28轮,2022-11-30,上海海港,河南嵩山龙门,1-3,负
2022,中超联赛,中超联赛29轮,第29轮,2022-12-04,广州城,上海海港,1-2,胜
2022,中超联赛,中超联赛30轮,第30轮,2022-12-10,成都蓉城,上海海港,0-0,平
2022,中超联赛,中超联赛31轮,第31轮,2022-12-15,梅州客家,上海海港,0-1,胜
2022,足协杯,足协杯八分之一决赛,八分之一决赛,2022-12-19,上海海港,苏州东吴,3-0,胜
2022,中超联赛,中超联赛32轮,第32轮,2022-12-23,上海海港,山东泰山,2-0,胜
2022,中超联赛,中超联赛33轮,第33轮,2022-12-27,北京国安,上海海港,0-3,胜
2022,中超联赛,中超联赛34轮,第34轮,2022-12-31,上海海港,长春亚泰,4-0,胜
2023,足协杯,足协杯四分之一决赛首回合轮,四分之一决赛首回合,2023-01-05,上海海港,成都蓉城,4-0,胜
2023,足协杯,足协杯四分之一决赛次回合轮,四分之一决赛次回合,2023-01-08,成都蓉城,上海海港,0-4,胜
2023,足协杯,足协杯半决赛,半决赛,2023-01-11,浙江,上海海港,0-0,平
2023,中超联赛,中超联赛1轮,第1轮,2023-04-15,武汉三镇,上海海港,0-2,胜
2023,中超联赛,中超联赛2轮,第2轮,2023-04-22,上海海港,深圳,3-2,胜
2023,中超联赛,中超联赛3轮,第3轮,2023-04-26,沧州雄狮,上海海港,0-1,胜
2023,中超联赛,中超联赛4轮,第4轮,2023-04-30,上海海港,上海申花,1-1,平
2023,中超联赛,中超联赛5轮,第5轮,2023-05-06,天津津门虎,上海海港,0-0,平
2023,中超联赛,中超联赛6轮,第6轮,2023-05-10,上海海港,青岛海牛,2-1,胜
2023,中超联赛,中超联赛7轮,第7轮,2023-05-14,浙江,上海海港,1-2,胜
2023,中超联赛,中超联赛8轮,第8轮,2023-05-20,梅州客家,上海海港,0-2,胜
2023,中超联赛,中超联赛9轮,第9轮,2023-05-24,上海海港,河南,3-2,胜
2023,中超联赛,中超联赛10轮,第10轮,2023-05-29,长春亚泰,上海海港,0-3,胜
2023,中超联赛,中超联赛11轮,第11轮,2023-06-03,上海海港,成都蓉城,0-1,负
2023,中超联赛,中超联赛12轮,第12轮,2023-06-09,上海海港,南通支云,2-1,胜
2023,足协杯,足协杯十六分之一决赛,十六分之一决赛,2023-06-24,广州,上海海港,1-3,胜
2023,中超联赛,中超联赛13轮,第13轮,2023-06-29,北京国安,上海海港,1-2,胜
2023,中超联赛,中超联赛14轮,第14轮,2023-07-03,山东泰山,上海海港,1-1,平
2023,中超联赛,中超联赛15轮,第15轮,2023-07-08,上海海港,大连人,1-1,平
2023,中超联赛,中超联赛16轮,第16轮,2023-07-12,上海海港,武汉三镇,3-1,胜
2023,中超联赛,中超联赛17轮,第17轮,2023-07-16,深圳,上海海港,1-4,胜
2023,中超联赛,中超联赛18轮,第18轮,2023-07-21,上海海港,沧州雄狮,3-0,胜
2023,足协杯,足协杯八分之一决赛,八分之一决赛,2023-07-25,天津津门虎,上海海港,0-0,平
2023,中超联赛,中超联赛19轮,第19轮,2023-07-29,上海申花,上海海港,0-5,胜
2023,中超联赛,中超联赛20轮,第20轮,2023-08-03,上海海港,天津津门虎,2-1,胜
2023,中超联赛,中超联赛21轮,第21轮,2023-08-08,青岛海牛,上海海港,5-0,胜
2023,中超联赛,中超联赛22轮,第22轮,2023-08-12,上海海港,浙江,3-4,负
2023,中超联赛,中超联赛23轮,第23轮,2023-08-18,上海海港,梅州客家,1-1,平
2023,亚冠联赛,亚冠联赛附加赛,附加赛,2023-08-22,上海海港,巴吞联,2-3,负
2023,中超联赛,中超联赛24轮,第24轮,2023-08-25,河南,上海海港,3-1,负
2023,中超联赛,中超联赛25轮,第25轮,2023-09-15,上海海港,长春亚泰,2-0,胜
2023,中超联赛,中超联赛26轮,第26轮,2023-09-23,成都蓉城,上海海港,2-1,负
2023,中超联赛,中超联赛27轮,第27轮,2023-09-29,南通支云,上海海港,0-1,胜
2023,中超联赛,中超联赛28轮,第28轮,2023-10-20,上海海港,北京国安,1-2,负
2023,中超联赛,中超联赛29轮,第29轮,2023-10-29,上海海港,山东泰山,1-1,平
2023,中超联赛,中超联赛30轮,第30轮,2023-11-04,大连人,上海海港,2-3,胜
2024,超级杯,超级杯nan轮,,2024-02-25,上海海港,上海申花,0-1,负
2024,中超联赛,中超联赛1轮,第1轮,2024-03-01,上海海港,武汉三镇,3-1,胜
2024,中超联赛,中超联赛2轮,第2轮,2024-03-09,浙江,上海海港,0-0,平
2024,中超联赛,中超联赛3轮,第3轮,2024-03-30,上海海港,河南俱乐部酒祖杜康,3-1,胜
2024,中超联赛,中超联赛4轮,第4轮,2024-04-05,北京国安,上海海港,2-2,平
2024,中超联赛,中超联赛5轮,第5轮,2024-04-09,南通支云,上海海港,0-3,胜
2024,中超联赛,中超联赛6轮,第6轮,2024-04-14,上海海港,山东泰山,4-3,胜
2024,中超联赛,中超联赛8轮,第8轮,2024-04-27,上海海港,上海申花,1-1,平
2024,中超联赛,中超联赛9轮,第9轮,2024-05-01,青岛海牛,上海海港,0-5,胜
2024,中超联赛,中超联赛10轮,第10轮,2024-05-05,深圳新鹏城,上海海港,0-6,胜
2024,中超联赛,中超联赛11轮,第11轮,2024-05-10,上海海港,长春亚泰,5-2,胜
2024,中超联赛,中超联赛12轮,第12轮,2024-05-18,青岛西海岸,上海海港,3-5,胜
2024,中超联赛,中超联赛13轮,第13轮,2024-05-22,上海海港,成都蓉城,2-0,胜
2024,中超联赛,中超联赛14轮,第14轮,2024-05-26,上海海港,沧州雄狮,4-1,胜
2024,中超联赛,中超联赛15轮,第15轮,2024-06-14,天津津门虎,上海海港,0-3,胜
2024,中超联赛,中超联赛7(补赛)轮,第7轮（补赛）,2024-06-18,梅州客家,上海海港,1-2,胜
2024,足协杯,足协杯十六分之一决赛,十六分之一决赛,2024-06-21,广西恒宸,上海海港,0-2,胜
2024,中超联赛,中超联赛16轮,第16轮,2024-06-25,武汉三镇,上海海港,0-2,胜
2024,中超联赛,中超联赛17轮,第17轮,2024-06-29,上海海港,浙江,3-1,胜
2024,中超联赛,中超联赛18轮,第18轮,2024-07-05,河南俱乐部酒祖杜康,上海海港,0-1,胜
2024,中超联赛,中超联赛19轮,第19轮,2024-07-12,上海海港,北京国安,5-1,胜
2024,足协杯,足协杯八分之一决赛,八分之一决赛,2024-07-17,浙江,上海海港,1-2,胜
2024,中超联赛,中超联赛24(提前)轮,24(提前),2024-07-21,上海海港,青岛海牛,5-0,胜
2024,中超联赛,中超联赛20轮,第20轮,2024-07-26,上海海港,南通支云,8-1,胜
2024,中超联赛,中超联赛21轮,第21轮,2024-08-03,山东泰山,上海海港,0-1,胜
2024,中超联赛,中超联赛22轮,第22轮,2024-08-09,上海海港,梅州客家,7-2,胜
2024,中超联赛,中超联赛23轮,第23轮,2024-08-17,上海申花,上海海港,3-1,负
2024,足协杯,足协杯四分之一决赛,四分之一决赛,2024-08-22,上海海港,天津津门虎,3-0,胜
2024,中超联赛,中超联赛25轮,第25轮,2024-09-13,上海海港,深圳新鹏城,2-0,胜
2024,亚冠联赛,亚冠联赛小组赛第一轮,第1轮,2024-09-18,上海海港,柔佛新山,2-2,平
2024,中超联赛,中超联赛26轮,第26轮,2024-09-21,长春亚泰,上海海港,3-4,胜
2024,足协杯,足协杯半决赛,半决赛,2024-09-25,上海海港,上海申花,3-2,胜
2024,中超联赛,中超联赛27轮,第27轮,2024-09-28,上海海港,青岛西海岸,2-1,胜
2024,亚冠联赛,亚冠联赛小组赛第二轮,第2轮,2024-10-01,浦项铁人,上海海港,3-0,负
2024,中超联赛,中超联赛28轮,第28轮,2024-10-18,成都蓉城,上海海港,3-1,负
2024,亚冠联赛,亚冠联赛小组赛第三轮,第3轮,2024-10-22,上海海港,中央海岸水手,3-2,胜
2024,中超联赛,中超联赛29轮,第29轮,2024-10-27,沧州雄狮,上海海港,0-1,胜
2024,中超联赛,中超联赛30轮,第30轮,2024-11-02,上海海港,天津津门虎,5-0,胜
2024,亚冠联赛,亚冠联赛小组赛第四轮,第4轮,2024-11-05,川崎前锋,上海海港,3-1,负
2024,足协杯,足协杯决赛,决赛,2024-11-23,山东泰山,上海海港,1-3,胜
2024,亚冠联赛,亚冠联赛小组赛第五轮,第5轮,2024-11-26,蔚山HD,上海海港,1-3,胜
2024,亚冠联赛,亚冠联赛小组赛第六轮,第6轮,2024-12-03,上海海港,光州FC,1-1,平
2025,超级杯,超级杯nan轮,,2025-02-07,上海海港,上海申花,2-3,负
2025,亚冠联赛,亚冠联赛小组赛第七轮,第7轮,2025-02-11,神户胜利船,上海海港,4-0,负
2025,亚冠联赛,亚冠联赛小组赛第八轮,第8轮,2025-02-19,上海海港,横滨水手,0-2,负
2025,中超联赛,中超联赛1轮,第1轮,2025-02-23,上海海港,深圳新鹏城,3-1,胜
2025,中超联赛,中超联赛2轮,第2轮,2025-02-28,上海海港,长春亚泰,2-0,胜
2025,亚冠联赛,亚冠联赛八分之一决赛首回合轮,八分之一决赛首回合,2025-03-04,上海海港,横滨水手,0-1,负
2025,亚冠联赛,亚冠联赛八分之一决赛次回合轮,八分之一决赛次回合,2025-03-11,横滨水手,上海海港,4-1,负
2025,中超联赛,中超联赛3轮,第3轮,2025-03-28,青岛西海岸,上海海港,3-3,平
2025,中超联赛,中超联赛4轮,第4轮,2025-04-02,上海海港,梅州客家,2-1,胜
2025,中超联赛,中超联赛5轮,第5轮,2025-04-06,上海海港,上海申花,1-1,平
2025,中超联赛,中超联赛7轮,第7轮,2025-04-16,天津津门虎,上海海港,1-4,胜
2025,中超联赛,中超联赛8轮,第8轮,2025-04-20,上海海港,成都蓉城,1-3,负
2025,中超联赛,中超联赛9轮,第9轮,2025-04-25,云南玉昆,上海海港,2-3,胜
2025,中超联赛,中超联赛10轮,第10轮,2025-05-01,上海海港,北京国安,1-2,负
2025,中超联赛,中超联赛11轮,第11轮,2025-05-05,武汉三镇,上海海港,0-2,胜
2025,中超联赛,中超联赛12轮,第12轮,2025-05-09,上海海港,青岛海牛,3-1,胜
2025,中超联赛,中超联赛13轮,第13轮,2025-05-17,上海海港,山东泰山,1-1,平
2025,足协杯,足协杯十六分之一决赛,十六分之一决赛,2025-05-21,苏州东吴,上海海港,2-6,胜
2025,中超联赛,中超联赛14轮,第14轮,2025-06-14,浙江俱乐部绿城,上海海港,2-2,平
2025,中超联赛,中超联赛6(补赛)轮,第6轮（补赛）,2025-06-18,河南俱乐部酒祖杜康,上海海港,1-3,胜
2025,足协杯,足协杯八分之一决赛,八分之一决赛,2025-06-22,上海海港,上海申花,2-3,负
2025,中超联赛,中超联赛15轮,第15轮,2025-06-26,上海海港,大连英博海发,3-0,胜
2025,中超联赛,中超联赛16轮,第16轮,2025-06-30,深圳新鹏城,上海海港,1-2,胜
2025,中超联赛,中超联赛17轮,第17轮,2025-07-18,长春亚泰,上海海港,1-3,胜
2025,中超联赛,中超联赛18轮,第18轮,2025-07-26,上海海港,青岛西海岸,2-2,平
2025,中超联赛,中超联赛19轮,第19轮,2025-08-02,梅州客家,上海海港,2-4,胜
2025,中超联赛,中超联赛20轮,第20轮,2025-08-09,上海申花,上海海港,1-2,胜
2025,中超联赛,中超联赛21轮,第21轮,2025-08-15,上海海港,河南俱乐部酒祖杜康,4-1,胜
2025,中超联赛,中超联赛22轮,第22轮,2025-08-24,上海海港,天津津门虎,1-1,平
2025,中超联赛,中超联赛23轮,第23轮,2025-08-30,成都蓉城,上海海港,4-1,负
2025,中超联赛,中超联赛24轮,第24轮,2025-09-12,上海海港,云南玉昆,4-2,胜
2025,亚冠联赛,亚冠联赛小组赛第一轮,第1轮,2025-09-17,上海海港,神户胜利船,0-3,负
2025,中超联赛,中超联赛25轮,第25轮,2025-09-21,北京国安,上海海港,2-3,胜
2025,中超联赛,中超联赛26轮,第26轮,2025-09-26,上海海港,武汉三镇,3-2,胜
2025,亚冠联赛,亚冠联赛小组赛第二轮,第2轮,2025-09-30,广岛三箭,上海海港,1-1,平
2025,中超联赛,中超联赛27轮,第27轮,2025-10-17,青岛海牛,上海海港,3-4,胜
2025,亚冠联赛,亚冠联赛小组赛第三轮,第3轮,2025-10-21,上海海港,町田泽维亚,0-2,负
2025,中超联赛,中超联赛28轮,第28轮,2025-10-26,山东泰山,上海海港,3-1,负
2025,中超联赛,中超联赛29轮,第29轮,2025-10-31,上海海港,浙江俱乐部绿城,3-0,胜
2025,亚冠联赛,亚冠联赛小组赛第四轮,第4轮,2025-11-04,武里南联,上海海港,2-0,负
2025,中超联赛,中超联赛30轮,第30轮,2025-11-22,大连英博海发,上海海港,0-1,胜
2025,亚冠联赛,亚冠联赛小组赛第五轮,第5轮,2025-11-25,上海海港,首尔FC,1-3,负
2025,亚冠联赛,亚冠联赛小组赛第六轮,第6轮,2025-12-09,柔佛新山,上海海港,0-0,平
2026,亚冠联赛,亚冠联赛小组赛第七轮,第7轮,2026-02-11,江原FC,上海海港,0-0,平
2026,亚冠联赛,亚冠联赛小组赛第八轮,第8轮,2026-02-18,上海海港,蔚山HD,0-0,平
