比赛类别,轮次,比赛时间,主队,比分,,客队,赛果,进球队员
中乙南区预赛,1,2006.05.06,安徽九方,2,0,上海东亚,负,/
中乙南区预赛,2,2006.05.13,武汉雅琪,2,0,上海东亚,负,/
中乙南区预赛,4,2006.05.27,丽江东巴,1,0,上海东亚,负,/
中乙南区预赛,5,2006.06.03,上海东亚,1,1,宁波中豹,平,吕文君
中乙南区预赛,6,2006.07.15,广西天基,3,2,上海东亚,负,敖飞帆，吕文君
中乙南区预赛,7,2006.07.22,上海东亚,5,2,苏州趣普仕,胜,吕文君2(1PK)，曹赟定，朱峥嵘，姜至鹏
中乙南区预赛,8,2006.07.29,上海东亚,2,2,四川,平,朱峥嵘2
中乙南区预赛,9,2006.08.05,上海东亚,1,2,宁波华奥,负,姜至鹏
中乙南区预赛,10,2006.08.12,上海东亚,1,2,安徽九方,负,朱峥嵘
中乙南区预赛,11,2006.08.19,上海东亚,4,1,武汉雅琪,胜,朱峥嵘2，曹赟定，吕文君
中乙南区预赛,13,2006.09.02,上海东亚,3,5,丽江东巴,负,曹赟定，敖飞帆，吕文君
中乙南区预赛,14,2006.09.09,宁波中豹,0,0,上海东亚,平,/
中乙南区预赛,15,2006.09.16,上海东亚,1,3,广西天基,负,吕文君
中乙南区预赛,16,2006.09.23,苏州趣普仕,1,4,上海东亚,胜,朱峥嵘3，曹赟定
中乙南区预赛,17,2006.09.30,四川,1,1,上海东亚,平,吕文君
中乙南区预赛,18,2006.10.07,宁波华奥,1,1,上海东亚,平,吕文君
中乙北区预赛,1,2007.05.05,上海东亚,5,1,青岛黎明,胜,朱峥嵘2，王云龙，曹赟定，吕文君
中乙北区预赛,2,2007.05.12,天津东丽,0,0,上海东亚,平,/
中乙北区预赛,3,2007.05.26,上海东亚,4,0,杭州三超,胜,朱峥嵘2，曹赟定，吕文君
中乙北区预赛,4,2007.06.02,呼和浩特滨海,2,4,上海东亚,胜,曹赟定2，朱峥嵘2
中乙北区预赛,5,2007.06.09,上海东亚,3,1,火车头泰丽达,胜,曹赟定2，吕文君
中乙北区预赛,6,2007.06.23,上海东亚,2,3,新疆体彩,负,王佳玉(PK)，朱峥嵘
中乙北区预赛,7,2007.06.30,镇江中安,0,0,上海东亚,平,/
中乙北区预赛,8,2007.08.04,青岛黎明,0,4,上海东亚,胜,王佳玉2(1PK)，朱峥嵘2
中乙北区预赛,9,2007.08.11,上海东亚,2,1,天津东丽,胜,王云龙2
中乙北区预赛,11,2007.09.01,上海东亚,0,0,呼和浩特滨海,平,/
中乙北区预赛,12,2007.09.08,火车头泰丽达,2,0,上海东亚,负,/
中乙北区预赛,10(补赛),2007.09.14,杭州三超,0,1,上海东亚,胜,曹赟定
中乙北区预赛,13,2007.09.22,新疆体彩,1,2,上海东亚,胜,吕文君，朱峥嵘
中乙北区预赛,14,2007.09.29,上海东亚,3,1,镇江中安,胜,吕文君2，柏佳俊
中乙总决赛,半决赛首回合,2007.11.20,安徽九华山,1,1,上海东亚,平,曹赟定
中乙总决赛,半决赛次回合,2007.11.22,上海东亚,2,1,安徽九华山,胜,吕文君，朱峥嵘
中乙总决赛,决赛,2007.11.25,四川,1,2,上海东亚,胜,王佳玉，吕文君
中甲联赛,1,2008.04.05,八一南昌,0,0,上海东亚,平,/
中甲联赛,2,2008.04.13,上海东亚,1,2,青岛海利丰,负,朱峥嵘
中甲联赛,3,2008.04.18,上海东亚,1,1,北京宏登,平,蔡慧康
中甲联赛,5,2008.05.02,上海东亚,1,1,南京有有,平,王佳玉(PK)
中甲联赛,6,2008.05.10,烟台毅腾飓风,2,2,上海东亚,平,王佳玉，朱峥嵘
中甲联赛,7,2008.05.18,上海东亚,1,2,安徽九方,负,吕文君
中甲联赛,8,2008.05.31,上海东亚,2,1,四川,胜,战怡麟，王佳玉
中甲联赛,9,2008.06.06,上海东亚,2,1,延边,胜,王佳玉，吕文君
中甲联赛,10,2008.06.14,北京理工,0,0,上海东亚,平,/
中甲联赛,11,2008.06.21,上海东亚,0,2,江苏舜天,负,/
中甲联赛,12,2008.06.28,上海东亚,1,0,重庆力帆,胜,曹赟定
中甲联赛,13,2008.07.05,上海东亚,1,1,无锡众邦,平,王佳玉
中甲联赛,14,2008.07.13,上海东亚,0,1,八一南昌,负,/
中甲联赛,15,2008.08.30,青岛海利丰,0,2,上海东亚,胜,武磊，王云龙/王佳玉(PK)
中甲联赛,18,2008.09.20,南京有有,3,2,上海东亚,负,曹赟定，吕文君
中甲联赛,19,2008.09.26,上海东亚,3,1,烟台毅腾飓风,胜,曹赟定，武磊，姜至鹏
中甲联赛,20,2008.10.05,安徽九方,1,2,上海东亚,胜,武磊，朱峥嵘
中甲联赛,21,2008.10.11,四川,1,1,上海东亚,平,吕文君
中甲联赛,22,2008.10.18,延边,0,2,上海东亚,胜,王佳玉，武磊
中甲联赛,23,2008.10.25,上海东亚,0,1,北京理工,负,/
中甲联赛,16(补赛),2008.10.28,北京宏登,2,0,上海东亚,负,/
中甲联赛,24,2008.10.31,江苏舜天,4,1,上海东亚,负,柏佳俊/王佳玉(PK)
中甲联赛,25,2008.11.08,重庆力帆,1,0,上海东亚,负,/
中甲联赛,26,2008.11.15,无锡众邦,2,1,上海东亚,负,张萌祺
中甲联赛,1,2009.03.29,上海东亚,2,1,延边,胜,王佳玉(PK)，敖飞帆
中甲联赛,2,2009.04.04,南京有有,1,0,上海东亚,负,
中甲联赛,3,2009.04.11,上海东亚,2,0,上海浦东中邦,胜,武磊，姜至鹏
中甲联赛,4,2009.04.18,四川西部智谷,1,3,上海东亚,胜,吕文君，朱峥嵘，蔡慧康
中甲联赛,5,2009.04.25,上海东亚,0,0,辽宁宏运,平,
中甲联赛,6,2009.05.02,北京燕捷圣,1,2,上海东亚,胜,吕文君，王佳玉(PK)
中甲联赛,7,2009.05.08,上海东亚,2,1,南昌八一衡源,胜,曹赟定，姜至鹏
中甲联赛,8,2009.05.17,上海东亚,0,0,安徽九方,平,/
中甲联赛,10,2009.06.20,青岛海利丰,0,2,上海东亚,胜,吕文君，姜至鹏
中甲联赛,11,2009.06.27,广东日之泉,4,2,上海东亚,负,吕文君，武磊
中甲联赛,12,2009.07.04,沈阳东进,0,0,上海东亚,平,
中甲联赛,13,2009.07.15,上海东亚,2,1,北京理工贵人鸟,胜,战怡麟，武磊
中甲联赛,14,2009.08.08,延边,1,1,上海东亚,平,张琳芃
中甲联赛,16,2009.08.21,上海浦东中邦,2,1,上海东亚,负,王佳玉
中甲联赛,17,2009.08.28,上海东亚,6,1,四川西部智谷,胜,朱峥嵘3，王云龙2，张萌祺
中甲联赛,18,2009.09.02,辽宁,2,0,上海东亚,负,/
中甲联赛,19,2009.09.06,上海东亚,3,0,北京燕捷圣,胜,王佳玉，武磊，姜至鹏
中甲联赛,20,2009.09.12,南昌八一衡源,3,1,上海东亚,负,张琳芃
中甲联赛,21,2009.09.19,安徽九方,1,2,上海东亚,胜,王云龙，毛嘉康
中甲联赛,15(补赛),2009.09.29,上海东亚,4,0,南京有有,胜,吕文君，朱峥嵘，姜至鹏，蔡慧康
中甲联赛,23,2009.10.10,上海东亚,4,1,青岛海利丰,胜,武磊2，战怡麟2
中甲联赛,24,2009.10.14,上海东亚,1,0,广东日之泉,胜,曹赟定
中甲联赛,25,2009.10.18,上海东亚,2,3,沈阳东进,负,吕文君，王燊超
中甲联赛,26,2009.10.25,北京理工贵人鸟,1,1,上海东亚,平,朱峥嵘
中甲联赛,1,2010.04.04,上海东亚,2,0,广东日之泉,胜,武磊，朱峥嵘
中甲联赛,2,2010.04.10,湖北东方国旅,0,0,上海东亚,平,/
中甲联赛,3,2010.04.16,上海东亚,0,0,南京有有,平,/
中甲联赛,4,2010.04.22,湖南湘涛,2,1,上海东亚,负,王佳玉
中甲联赛,5,2010.04.25,北京理工,1,2,上海东亚,胜,曹赟定，武磊(PK)
中甲联赛,6,2010.05.01,上海浦东中邦,0,0,上海东亚,平,/
中甲联赛,7,2010.05.07,上海东亚,1,3,广州广汽恒大,负,王佳玉
中甲联赛,8(补赛),2010.06.05,上海东亚,0,0,沈阳东进,平,/
中甲联赛,9,2010.05.22,成都谢菲联,0,3,上海东亚,胜,吕文君2，武磊
中甲联赛,10,2010.05.29,安徽九方,0,1,上海东亚,胜,武磊(PK)
中甲联赛,12,2010.07.20,上海东亚,0,0,北京八喜,平,/
中甲联赛,13,2010.07.24,延边,1,0,上海东亚,负,/
中甲联赛,14,2010.07.31,广东日之泉,1,2,上海东亚,胜,席尔瓦，武磊(PK)
中甲联赛,15,2010.08.07,上海东亚,1,0,湖北东方国旅,胜,朱峥嵘
中甲联赛,16,2010.08.15,南京有有,2,2,上海东亚,平,武磊2
中甲联赛,17,2010.08.21,上海东亚,2,1,湖南湘涛,胜,张琳芃，武磊(PK)
中甲联赛,18,2010.08.24,上海东亚,1,1,北京理工,平,马丁
中甲联赛,19,2010.08.28,上海东亚,4,1,上海浦东中邦,胜,武磊2(1PK)，加西亚，曹赟定
中甲联赛,20,2010.09.04,广州广汽恒大,1,1,上海东亚,平,王佳玉
中甲联赛,21,2010.09.12,沈阳东进,3,1,上海东亚,负,吕文君
中甲联赛,22,2010.09.19,上海东亚,0,1,成都谢菲联,负,/
中甲联赛,23,2010.09.24,上海东亚,1,0,安徽九方,胜,王佳玉(PK)
中甲联赛,25,2010.10.23,北京八喜,0,0,上海东亚,平,/
中甲联赛,26,2010.10.30,上海东亚,0,0,延边,平,/
中甲联赛,1,2011.03.27,上海东亚,0,1,大连阿尔滨,负,/
中甲联赛,2,2011.04.03,重庆力帆,1,0,上海东亚,负,/
中甲联赛,3,2011.04.09,上海东亚,2,2,湖南湘涛,平,朱峥嵘，武磊
中甲联赛,4,2011.04.13,上海东亚,1,0,北京八喜,胜,吕文君
中甲联赛,5,2011.04.18,上海东亚,2,1,天津润宇隆,胜,武磊2(1PK)
中甲联赛,6,2011.04.24,上海东亚,0,0,湖北中博,平,/
中甲联赛,7,2011.04.30,沈阳东进,1,1,上海东亚,平,王燊超
足协杯,第一轮,2011.05.05,上海东亚,2,0,湖北中博,胜,王燊超，吕文君
中甲联赛,8,2011.05.08,上海东亚,2,1,广东日之泉,胜,武磊，吕文君
足协杯,第二轮,2011.05.11,北京国安,1,0,上海东亚,负,/
中甲联赛,9,2011.05.14,延边长白虎,0,1,上海东亚,胜,艾迪
中甲联赛,10,2011.05.21,上海东亚,2,2,天津松江,平,武磊2
中甲联赛,11,2011.05.28,北京361°大学生,1,4,上海东亚,胜,吕文君2，武磊，艾迪
中甲联赛,12,2011.06.05,上海东亚,1,1,深圳凤凰,平,朱峥嵘
中甲联赛,13,2011.06.11,贵州通源,1,1,上海东亚,平,吕文君
中甲联赛,14,2011.06.25,大连阿尔滨,2,1,上海东亚,负,博库
中甲联赛,15,2011.07.03,上海东亚,0,1,重庆力帆,负,/
中甲联赛,16,2011.07.10,湖南湘涛,2,1,上海东亚,负,吕文君
中甲联赛,17,2011.07.31,北京八喜,0,2,上海东亚,胜,王云龙，武磊
中甲联赛,18,2011.08.06,沈阳沈北荣盛,1,0,上海东亚,负,/
中甲联赛,19,2011.08.13,湖北中博,0,0,上海东亚,平,/
中甲联赛,20,2011.08.20,上海东亚,2,2,沈阳东进,平,王云龙，朱峥嵘
中甲联赛,21,2011.08.27,广东日之泉,2,2,上海东亚,平,武磊，王燊超
中甲联赛,22,2011.09.11,上海东亚,4,0,延边长白虎,胜,武磊3，王云龙
中甲联赛,23,2011.09.24,天津松江,2,0,上海东亚,负,/
中甲联赛,24,2011.10.15,上海东亚,0,0,北京361°大学生,平,/
中甲联赛,25,2011.10.22,广州富力,1,0,上海东亚,负,/
中甲联赛,26,2011.10.30,上海东亚,0,0,贵州通源,平,/
中甲联赛,1,2012.03.17,上海特莱士,2,0,重庆力帆,胜,蔡慧康，加西亚
中甲联赛,2,2012.03.24,深圳茅台红钻,0,1,上海特莱士,胜,吕文君
中甲联赛,3,2012.03.31,上海特莱士,0,0,沈阳沈北,平,/
中甲联赛,4,2012.04.08,上海特莱士,2,0,延边长白虎,胜,武磊(PK)，陈子介
中甲联赛,5,2012.04.14,上海特莱士,2,0,湖南湘涛,胜,武磊(PK)，王燊超
中甲联赛,6,2012.04.21,北京八喜,1,2,上海特莱士,胜,卡贝萨斯2
中甲联赛,7,2012.04.30,上海特莱士,1,1,福建骏豪,平,武磊(PK)
中甲联赛,8,2012.05.05,天津松江,3,0,上海特莱士,负,/
中甲联赛,9,2012.05.12,重庆FC,0,0,上海特莱士,平,/
中甲联赛,10,2012.05.19,呼和浩特东进,1,3,上海特莱士,胜,吕文君，武磊，陈子介
中甲联赛,11,2012.05.26,武汉卓尔,0,1,上海特莱士,胜,陈子介
足协杯,第二轮,2012.06.02,上海特莱士,6,0,福建骏豪,胜,毛嘉康(PK)，陈子介，傅欢，耿袈岂，加西亚，汪佳捷
中甲联赛,12,2012.06.09,上海特莱士,3,1,哈尔滨松北毅腾,胜,武磊2，卡贝萨斯
中甲联赛,13,2012.06.16,成都谢菲联,0,1,上海特莱士,胜,武磊
中甲联赛,14,2012.06.23,北京361°大学生,0,3,上海特莱士,胜,吕文君，武磊，朱峥嵘
足协杯,十六分之一决赛,2012.06.26,浙江绿城,3,0,上海特莱士,负,/
中甲联赛,15,2012.06.30,上海特莱士,2,1,广东日之泉,胜,卡贝萨斯，吕文君
中甲联赛,16,2012.07.07,重庆力帆,3,1,上海特莱士,负,朱峥嵘
中甲联赛,17,2012.07.13,上海特莱士,3,3,深圳茅台红钻,平,武磊2，朱峥嵘
中甲联赛,18,2012.07.22,沈阳沈北,1,0,上海特莱士,负,/
中甲联赛,19,2012.07.28,延边长白虎,0,3,上海特莱士,胜,卡贝萨斯2，朱峥嵘
中甲联赛,20,2012.08.04,湖南湘涛,2,1,上海特莱士,负,武磊
中甲联赛,21,2012.08.12,上海特莱士,2,2,北京八喜,平,阿多，吕文君
中甲联赛,22,2012.08.18,福建骏豪,1,1,上海特莱士,平,朱峥嵘
中甲联赛,23,2012.08.26,上海特莱士,3,0,天津松江,胜,汪佳捷，武磊，吕文君
中甲联赛,24,2012.09.01,上海特莱士,0,0,重庆FC,平,/
中甲联赛,25,2012.09.16,上海特莱士,1,0,呼和浩特东进,胜,王燊超
中甲联赛,26,2012.09.23,上海特莱士,0,1,武汉卓尔,负,/武磊(PK)
中甲联赛,27,2012.09.29,哈尔滨松北毅腾,0,3,上海特莱士,胜,武磊(PK)，卡贝萨斯，朱峥嵘
中甲联赛,28,2012.10.07,上海特莱士,3,2,成都谢菲联,胜,武磊2(1PK)，卡贝萨斯
中甲联赛,29,2012.10.20,上海特莱士,1,0,北京361°大学生,胜,王燊超
中甲联赛,30,2012.10.28,广东日之泉,2,2,上海特莱士,平,武磊2
中超联赛,1,2013.03.08,北京国安,4,1,上海东亚,负,武磊/王燊超(OG)
中超联赛,2,2013.03.16,上海东亚,1,1,贵州人和,平,吕文君(PK)
中超联赛,3,2013.03.30,大连阿尔滨,3,3,上海东亚,平,朱峥嵘2，武磊
中超联赛,4,2013.04.07,上海东亚,2,0,长春亚泰,胜,武磊，吕文君
中超联赛,5,2013.04.13,广州富力,0,0,上海东亚,平,/
中超联赛,6,2013.04.20,上海东亚,1,0,天津泰达,胜,武磊
中超联赛,7,2013.04.28,上海申花,2,1,上海东亚,负,武磊(PK)
中超联赛,8,2013.05.05,上海东亚,1,2,辽宁宏运,负,朱峥嵘
中超联赛,9,2013.05.12,浙江绿城,2,1,上海东亚,负,李运秋
中超联赛,10,2013.05.18,山东鲁能,1,0,上海东亚,负,/
足协杯,十六分之一决赛,2013.05.21,上海东亚,2,2,重庆力帆,平,毛嘉康，林创益(上海东亚点球4:3，总比分6:4晋级)
中超联赛,11,2013.05.25,青岛中能,1,0,上海东亚,负,/
中超联赛,12,2013.06.02,上海申鑫,1,6,上海东亚,胜,武磊3，吕文君2，朱峥嵘
中超联赛,13,2013.06.22,上海东亚,1,0,武汉卓尔,胜,梅芳(OG)
中超联赛,14,2013.06.25,广州恒大,1,0,上海东亚,负,/
中超联赛,15,2013.06.29,上海东亚,2,1,江苏舜天,负,武磊，吕文君
中超联赛,16,2013.07.07,上海东亚,0,3,北京国安,负,/
足协杯,八分之一决赛,2013.07.10,青岛中能,0,0,上海东亚,平,/(青岛中能点球4:2，总比分4:2晋级)
中超联赛,17,2013.07.14,贵州人和,0,3,上海东亚,胜,麦克布林，卡贝萨斯，萨利(OG)
中超联赛,18,2013.07.31,上海东亚,2,2,大连阿尔滨,平,麦克布林，汪佳捷
中超联赛,19,2013.08.04,长春亚泰,0,0,上海东亚,平,/
中超联赛,20,2013.08.11,上海东亚,0,3,广州富力,负,/
中超联赛,21,2013.08.17,天津泰达,2,3,上海东亚,胜,武磊3
中超联赛,22,2013.08.24,上海东亚,0,1,上海申花,负,/
中超联赛,24,2013.09.15,上海东亚,2,0,浙江绿城,胜,朱峥嵘，金东进(OG)
中超联赛,25,2013.09.20,上海东亚,0,1,山东鲁能,负,/
中超联赛,26,2013.09.27,上海东亚,6,1,青岛中能,胜,武磊3，朱峥嵘，卡贝萨斯，郑达伦
中超联赛,27,2013.10.05,上海东亚,0,1,上海申鑫,负,/孙凯(OG)
中超联赛,23(补赛),2013.10.12,辽宁宏运,1,0,上海东亚,负,/
中超联赛,28,2013.10.20,武汉卓尔,0,1,上海东亚,胜,伊班
中超联赛,29,2013.10.30,上海东亚,1,1,广州恒大,平,麦克布林
中超联赛,30,2013.11.03,江苏舜天,0,0,上海东亚,平,/
中超联赛,1,2014.03.09,辽宁宏运,1,1,上海上港,平,武磊
中超联赛,2,2014.03.16,上海上港,5,1,上海申鑫,胜,海森2，武磊(PK)，吕文君，汪佳捷
中超联赛,3,2014.03.22,杭州绿城,1,2,上海上港,胜,武磊，海森
中超联赛,4,2014.03.28,上海上港,1,0,北京国安,胜,海森
中超联赛,5,2014.04.05,河南建业,1,0,上海上港,负,/
中超联赛,6,2014.04.12,上海上港,1,0,长春亚泰,胜,王佳玉
中超联赛,7,2014.04.20,大连阿尔滨,1,1,上海上港,平,王燊超
中超联赛,8,2014.04.26,上海上港,1,1,上海申花,平,麦克布林
中超联赛,9,2014.04.30,广州恒大,5,0,上海上港,负,/
中超联赛,10,2014.05.04,广州富力,2,2,上海上港,平,海森2
中超联赛,11,2014.05.11,上海上港,5,2,贵州人和,胜,海森3，麦克布林2/伊班(OG)
中超联赛,12,2014.05.18,山东鲁能,3,3,上海上港,平,海森2，吕文君
中超联赛,14,2014.05.25,江苏舜天,1,0,上海上港,负,/
中超联赛,13(补赛),2014.05.28,上海上港,1,0,哈尔滨毅腾,胜,李浩文
足协杯,十六分之一决赛,2014.07.16,武汉宏兴,0,0,上海上港,平,/(武汉宏兴点球4:3，总比分4:3晋级)
中超联赛,15,2014.07.19,上海上港,1,1,天津泰达,平,麦克布林
中超联赛,16,2014.07.27,上海上港,3,3,辽宁宏运,平,武磊2，海森
中超联赛,17,2014.07.30,上海申鑫,1,3,上海上港,胜,麦克布林，卡里里，武磊
中超联赛,18,2014.08.03,上海上港,2,1,杭州绿城,胜,武磊，海森
中超联赛,19,2014.08.10,北京国安,2,0,上海上港,负,/
中超联赛,20,2014.08.13,上海上港,1,0,河南建业,胜,武磊
中超联赛,21,2014.08.17,长春亚泰,1,2,上海上港,胜,武磊，海森
中超联赛,22,2014.08.23,上海上港,2,0,大连阿尔滨,胜,武磊，海森/武磊(PK)
中超联赛,23,2014.08.31,上海申花,1,1,上海上港,平,朱峥嵘/武磊(PK)
中超联赛,24,2014.09.13,上海上港,0,3,广州恒大,负,/
中超联赛,25,2014.09.21,上海上港,1,2,广州富力,负,海森
中超联赛,26,2014.09.28,贵州人和,1,1,上海上港,平,海森
中超联赛,27,2014.10.05,上海上港,0,0,山东鲁能,平,/
中超联赛,28,2014.10.19,哈尔滨毅腾,1,1,上海上港,平,卡里里
中超联赛,29,2014.10.26,上海上港,3,0,江苏舜天,胜,王燊超，武磊，海森
中超联赛,30,2014.11.02,天津泰达,3,3,上海上港,平,朱峥嵘，武磊，海森
中超联赛,1,2015.03.07,上海上港,2,1,江苏舜天,胜,于海，海森
中超联赛,2,2015.03.15,上海申鑫,0,2,上海上港,胜,海森，吕文君
中超联赛,3,2015.03.22,上海上港,2,1,广州富力,胜,于海，海森
中超联赛,4,2015.04.05,天津泰达,0,0,上海上港,平,/
中超联赛,5,2015.04.12,上海上港,1,1,北京国安,平,海森
中超联赛,6,2015.04.19,上海上港,2,1,重庆力帆,胜,海森，埃弗拉
中超联赛,7,2015.04.26,上海上港,3,0,河南建业,胜,达维(PK)，于海，武磊
中超联赛,8,2015.05.03,杭州绿城,1,1,上海上港,平,埃弗拉
中超联赛,9,2015.05.09,上海上港,5,0,上海申花,胜,海森2，孔卡，武磊，帕帕多普洛斯(OG)
足协杯,十六分之一决赛,2015.05.12,大连超越,1,2,上海上港,胜,李浩文，贺惯
中超联赛,10,2015.05.15,广州恒大,1,1,上海上港,平,海森
中超联赛,11,2015.05.22,贵州人和,2,0,上海上港,负,/
中超联赛,12,2015.05.29,上海上港,3,4,山东鲁能,负,孔卡2(1PK)，达维(PK)
中超联赛,13,2015.06.03,石家庄永昌,2,2,上海上港,平,达维(PK)，武磊/汪佳捷(OG)
中超联赛,14,2015.06.19,上海上港,5,3,长春亚泰,胜,达维2，孔卡，吕文君，伊斯梅洛夫(OG)
中超联赛,15,2015.06.24,辽宁宏运,1,3,上海上港,胜,海森，孔卡(PK)，金裕晋(OG)
中超联赛,16,2015.06.27,江苏舜天,1,4,上海上港,胜,海森2，武磊，埃弗拉
中超联赛,17,2015.07.05,上海上港,2,0,上海申鑫,胜,埃弗拉，武磊
足协杯,八分之一决赛,2015.07.08,上海上港,2,1,广州富力,胜,孔卡(PK)，武磊/王燊超(OG)
中超联赛,18,2015.07.12,广州富力,2,3,上海上港,胜,孔卡2，汪佳捷
中超联赛,19,2015.07.16,上海上港,2,1,天津泰达,胜,达维(PK)，吉安
中超联赛,20,2015.07.20,北京国安,0,0,上海上港,平,/达维(PK)
中超联赛,21,2015.07.25,重庆力帆,2,4,上海上港,胜,武磊2，孔卡，吉安
中超联赛,22,2015.08.12,河南建业,2,2,上海上港,平,吉安，吕文君
中超联赛,23,2015.08.16,上海上港,2,1,杭州绿城,胜,武磊2
足协杯,四分之一决赛,2015.08.19,上海申花,3,3,上海上港,平,吉安，武磊，孔卡/(上海申花点球5:4，总比分8:7晋级)
中超联赛,24,2015.08.23,上海申花,1,2,上海上港,胜,吉安，石柯
中超联赛,25,2015.09.12,上海上港,0,3,广州恒大,负,/
中超联赛,26,2015.09.19,上海上港,3,1,贵州人和,胜,达维，海森，杨博宇
中超联赛,27,2015.09.26,山东鲁能,0,1,上海上港,胜,武磊
中超联赛,28,2015.10.17,上海上港,2,2,石家庄永昌,平,武磊2
中超联赛,29,2015.10.25,长春亚泰,0,2,上海上港,胜,武磊2
中超联赛,30,2015.10.31,上海上港,2,1,辽宁宏运,胜,孔卡，蔡慧康
亚冠联赛,资格赛第三轮,2016.02.09,上海上港,3,0,蒙通联,胜,武磊2，孔卡
亚冠联赛,G组第一轮,2016.02.24,墨尔本胜利,2,1,上海上港,负,武磊
亚冠联赛,G组第二轮,2016.03.02,上海上港,2,1,水原三星,胜,埃尔克森，武磊
中超联赛,1,2016.03.05,河南建业,1,0,上海上港,负,/
中超联赛,2,2016.03.11,上海上港,1,1,上海申花,平,蔡慧康
亚冠联赛,G组第三轮,2016.03.15,上海上港,2,1,大阪钢巴,胜,埃尔克森2
中超联赛,3,2016.04.02,重庆力帆,1,1,上海上港,平,武磊
亚冠联赛,G组第四轮,2016.04.06,大阪钢巴,0,2,上海上港,胜,武磊，吕文君
中超联赛,4,2016.04.10,上海上港,4,0,辽宁宏运,胜,武磊，吕文君，吉安，埃尔克森
中超联赛,5,2016.04.15,上海上港,1,0,广州富力,胜,埃尔克森
亚冠联赛,G组第五轮,2016.04.19,上海上港,3,1,墨尔本胜利,胜,于海，埃尔克森，孔卡(PK)
中超联赛,6,2016.04.24,长春亚泰,1,3,上海上港,胜,埃尔克森，孔卡，吉安
中超联赛,7,2016.04.29,上海上港,3,0,延边富德,胜,埃尔克森2，王燊超
亚冠联赛,G组第六轮,2016.05.03,水原三星,3,0,上海上港,负,/
中超联赛,8,2016.05.08,石家庄永昌,1,2,上海上港,胜,孔卡，武磊
足协杯,十六分之一决赛,2016.05.11,北京北控,0,1,上海上港,胜,武磊
中超联赛,9,2016.05.14,北京国安,2,1,上海上港,负,埃弗拉
亚冠联赛,八分之一决赛首回合,2016.05.17,东京FC,2,1,上海上港,负,武磊
中超联赛,10,2016.05.21,上海上港,1,0,杭州绿城,胜,埃弗拉
亚冠联赛,八分之一决赛次回合,2016.05.24,上海上港,1,0,东京FC,胜,武磊
中超联赛,11,2016.05.29,广州恒大,1,1,上海上港,平,埃弗拉
中超联赛,12,2016.06.11,上海上港,1,2,江苏苏宁,负,吉安
中超联赛,21(提前),2016.06.15,上海上港,1,1,长春亚泰,平,武磊
中超联赛,13,2016.06.19,山东鲁能,0,0,上海上港,平,/
中超联赛,14,2016.06.25,上海上港,1,1,天津泰达,平,埃弗拉
足协杯,八分之一决赛,2016.06.29,广州富力,1,0,上海上港,负,/
中超联赛,15,2016.07.03,河北华夏,0,2,上海上港,胜,埃尔克森，武磊
中超联赛,16,2016.07.10,上海上港,5,0,河南建业,胜,麦克格文(OG)，埃尔克森，武磊，埃弗拉，吕文君
中超联赛,17,2016.07.17,上海申花,2,1,上海上港,负,武磊
中超联赛,18,2016.07.20,上海上港,5,3,重庆力帆,胜,武磊2，罗歆(OG)，吕文君，孔卡
中超联赛,19,2016.07.23,辽宁宏运,3,1,上海上港,负,埃弗拉
中超联赛,20,2016.07.31,广州富力,3,3,上海上港,平,武磊3(1PK)
中超联赛,22,2016.08.13,延边富德,1,1,上海上港,平,埃弗拉
中超联赛,23,2016.08.19,上海上港,4,1,石家庄永昌,胜,傅欢，武磊，孔卡，埃尔克森(PK)
亚冠联赛,四分之一决赛首回合,2016.08.23,上海上港,0,0,全北现代,平,/
中超联赛,24,2016.09.09,上海上港,2,2,北京国安,平,胡尔克2(1PK)
亚冠联赛,四分之一决赛次回合,2016.09.13,全北现代,5,0,上海上港,负,石柯(OG)
中超联赛,25,2016.09.18,杭州绿城,1,2,上海上港,胜,埃弗拉，贺惯
中超联赛,26,2016.09.24,上海上港,0,0,广州恒大,平,/
中超联赛,27,2016.10.15,江苏苏宁,2,1,上海上港,负,胡尔克
中超联赛,28,2016.10.22,上海上港,4,1,山东鲁能,胜,埃尔克森2，胡尔克，李浩文
中超联赛,29,2016.10.26,天津泰达,0,1,上海上港,胜,周海滨(OG)
中超联赛,30,2016.10.30,上海上港,3,1,河北华夏,胜,居吕姆(OG)，武磊，埃尔克森
亚冠联赛,资格赛第三轮,2017.02.07,上海上港,3,0,素可泰,胜,奥斯卡，埃尔克森，基亚提萨克(OG)
亚冠联赛,F组第一轮,2017.02.21,首尔FC,0,1,上海上港,胜,胡尔克
亚冠联赛,F组第二轮,2017.02.28,上海上港,5,1,西悉尼流浪者,胜,胡尔克，奥斯卡，埃尔克森，武磊，石柯
中超联赛,1,2017.03.04,上海上港,5,1,长春亚泰,胜,埃尔克森3，武磊，胡尔克(PK)
中超联赛,2,2017.03.10,上海上港,2,0,延边富德,胜,吕文君，武磊
亚冠联赛,F组第三轮,2017.03.15,上海上港,3,2,浦和红钻,胜,石柯，埃尔克森，胡尔克
中超联赛,3,2017.04.01,广州恒大,3,2,上海上港,负,埃尔克森，胡尔克
中超联赛,4,2017.04.07,上海上港,2,1,山东鲁能,胜,胡尔克，韦世豪
亚冠联赛,F组第四轮,2017.04.11,浦和红钻,1,0,上海上港,负,/奥斯卡2(2PK)
中超联赛,5,2017.04.15,天津权健,1,1,上海上港,平,武磊/胡尔克(PK)
中超联赛,6,2017.04.21,上海上港,3,0,河北华夏,胜,吕文君，武磊，奥斯卡(PK)
亚冠联赛,F组第五轮,2017.04.26,上海上港,4,2,首尔FC,胜,胡尔克，张卫，武磊，奥斯卡
中超联赛,7,2017.04.30,重庆力帆,1,1,上海上港,平,贺惯
足协杯,十六分之一决赛,2017.05.03,石家庄永昌,0,2,上海上港,胜,埃尔克森2
中超联赛,8,2017.05.06,上海上港,3,0,恒丰智诚,胜,王燊超，胡尔克，埃尔克森(PK)
亚冠联赛,F组第六轮,2017.05.10,西悉尼流浪者,3,2,上海上港,负,武磊，埃尔克森(PK)
中超联赛,9,2017.05.14,天津泰达,0,1,上海上港,胜,傅欢
中超联赛,10,2017.05.20,上海申花,1,3,上海上港,胜,武磊，胡尔克，李运秋(OG)
亚冠联赛,八分之一决赛首回合,2017.05.24,上海上港,2,1,江苏苏宁,胜,胡尔克(PK)，艾哈迈多夫
中超联赛,11,2017.05.27,上海上港,5,1,北京国安,胜,韦世豪2，武磊2，胡尔克
亚冠联赛,八分之一决赛次回合,2017.05.31,江苏苏宁,2,3,上海上港,胜,埃尔克森，胡尔克，杨笑天(OG)
中超联赛,12,2017.06.03,上海上港,4,1,辽宁宏运,胜,胡尔克2(1PK)，武磊，吕文君
中超联赛,13,2017.06.18,广州富力,1,1,上海上港,平,胡尔克
足协杯,八分之一决赛,2017.06.21,苏州东吴,1,1,上海上港,平,武磊/(上海上港点球16:15，总比分17:16晋级)
中超联赛,14,2017.06.25,上海上港,4,1,河南建业,胜,戈麦斯(OG)，艾哈迈多夫，埃尔克森，武磊
中超联赛,15,2017.07.01,江苏苏宁,0,1,上海上港,胜,埃尔克森
中超联赛,16,2017.07.09,长春亚泰,4,2,上海上港,负,张笑飞(OG)，李圣龙
中超联赛,17,2017.07.15,延边富德,1,3,上海上港,胜,埃尔克森，武磊，胡尔克
足协杯,四分之一决赛首回合,2017.07.19,天津权健,3,0,上海上港,负,/
中超联赛,18,2017.07.22,上海上港,2,2,广州恒大,平,武磊2
中超联赛,19,2017.07.30,山东鲁能,2,1,上海上港,负,武磊
足协杯,四分之一决赛次回合,2017.08.03,上海上港,4,0,天津权健,胜,胡尔克2(1PK)，奥斯卡，郑致云
中超联赛,20,2017.08.06,上海上港,0,0,天津权健,平,/
中超联赛,21,2017.08.10,华夏幸福,2,2,上海上港,平,埃尔克森，贺惯
中超联赛,22,2017.08.13,上海上港,3,2,重庆力帆,胜,胡尔克(PK)，艾哈迈多夫，武磊
足协杯,半决赛首回合,2017.08.16,上海上港,2,1,广州恒大,胜,艾哈迈多夫，贺惯
中超联赛,23,2017.08.19,恒丰智诚,2,1,上海上港,负,吕文君
亚冠联赛,四分之一决赛首回合,2017.08.22,上海上港,4,0,广州恒大,胜,武磊2，胡尔克(PK)，王燊超
中超联赛,24,2017.09.09,上海上港,3,1,天津泰达,胜,武磊，于海，埃尔克森
亚冠联赛,四分之一决赛次回合,2017.09.12,广州恒大,5,1,上海上港,负,胡尔克(两回合双方5:5战平.上海上港点球5:4，两回合总比分10:9晋级)
中超联赛,25,2017.09.16,上海上港,6,1,上海申花,胜,武磊2，胡尔克2，艾哈迈多夫，李圣龙
中超联赛,26,2017.09.22,北京国安,0,1,上海上港,胜,奥斯卡
亚冠联赛,半决赛首回合,2017.09.27,上海上港,1,1,浦和红钻,平,胡尔克
足协杯,半决赛次回合,2017.09.30,广州恒大,1,4,上海上港,胜,奥斯卡2，韦世豪，胡尔克
中超联赛,27,2017.10.14,辽宁宏运,3,3,上海上港,平,武磊2，埃尔克森
亚冠联赛,半决赛次回合,2017.10.18,浦和红钻,1,0,上海上港,负,/
中超联赛,28,2017.10.22,上海上港,1,2,广州富力,负,胡尔克/胡尔克(PK)
中超联赛,29,2017.10.29,河南建业,2,4,上海上港,胜,胡尔克2，奥斯卡，武磊
中超联赛,30,2017.11.04,上海上港,2,3,江苏苏宁,负,吕文君，胡尔克(PK)
足协杯,决赛首回合,2017.11.19,上海申花,1,0,上海上港,负,/
足协杯,决赛次回合,2017.11.26,上海上港,3,2,上海申花,胜,吕文君，胡尔克(PK)，莫雷诺(OG)
亚冠联赛,资格赛第三轮,2018.01.30,上海上港,1,0,清莱联,胜,于海
亚冠联赛,F组第一轮,2018.02.13,川崎前锋,0,1,上海上港,胜,埃尔克森
亚冠联赛,F组第二轮,2018.02.20,上海上港,4,1,墨尔本胜利,胜,奥斯卡2，武磊，胡尔克(PK)
中超联赛,1,2018.03.03,上海上港,8,0,大连一方,胜,奥斯卡3，武磊3，吕文君，胡尔克(PK)
亚冠联赛,F组第三轮,2018.03.07,上海上港,2,2,蔚山现代,平,奥斯卡2
中超联赛,2,2018.03.10,上海申花,0,2,上海上港,胜,胡尔克，吕文君
亚冠联赛,F组第四轮,2018.03.13,蔚山现代,0,1,上海上港,胜,埃尔克森
中超联赛,3,2018.03.18,广州富力,2,5,上海上港,胜,武磊4，胡尔克
中超联赛,4,2018.03.30,上海上港,2,1,重庆力帆,胜,武磊，于海
亚冠联赛,F组第五轮,2018.04.04,上海上港,1,1,川崎前锋,平,埃尔克森/胡尔克(PK)
中超联赛,5,2018.04.08,河南建业,1,2,上海上港,胜,王燊超，埃尔克森
中超联赛,6,2018.04.13,上海上港,2,0,河北华夏,胜,武磊，胡尔克(PK)
亚冠联赛,F组第六轮,2018.04.18,墨尔本胜利,2,1,上海上港,负,林创益
中超联赛,7,2018.04.22,上海上港,1,1,天津泰达,平,吕文君
足协杯,十六分之一决赛,2018.04.25,陕西长安竞技,0,1,上海上港,胜,武磊
中超联赛,8,2018.04.29,长春亚泰,2,1,上海上港,负,武磊/胡尔克(PK)
足协杯,八分之一决赛,2018.05.02,上海上港,0,0,北京人和,平,/(上海上港点球4:3，总比分4:3晋级)
中超联赛,9,2018.05.05,上海上港,1,2,北京国安,负,埃尔克森
亚冠联赛,八分之一决赛首回合,2018.05.09,鹿岛鹿角,3,1,上海上港,负,埃尔克森/于海(OG)
中超联赛,10,2018.05.12,贵州恒丰,1,1,上海上港,平,武磊
亚冠联赛,八分之一决赛次回合,2018.05.16,上海上港,2,1,鹿岛鹿角,胜,胡尔克2(1PK)
中超联赛,11,2018.05.20,上海上港,2,0,江苏苏宁,胜,武磊，奥斯卡
足协杯,四分之一决赛首回合,2018.06.09,北京国安,2,1,上海上港,负,胡尔克
中超联赛,12,2018.07.17,山东鲁能,1,1,上海上港,平,奥斯卡
足协杯,四分之一决赛次回合,2018.07.25,上海上港,2,1,北京国安,胜,于海，蔡慧康(两回合双方3:3战平.北京国安点球5:4，两回合总比分8:7晋级)
中超联赛,14,2018.07.28,北京人和,1,5,上海上港,胜,奥斯卡2，武磊，贺惯，雷文杰
中超联赛,15,2018.08.01,上海上港,4,1,天津权健,胜,奥斯卡2，胡尔克，埃尔克森/武磊(PK)
中超联赛,16,2018.08.05,大连一方,1,0,上海上港,负,/
中超联赛,17,2018.08.11,上海上港,2,0,上海申花,胜,武磊，胡尔克(PK)
中超联赛,18,2018.08.15,上海上港,3,1,广州富力,胜,武磊2，吕文君
中超联赛,19,2018.08.18,重庆力帆,2,3,上海上港,胜,武磊2，吕文君
中超联赛,20,2018.08.25,上海上港,2,1,河南建业,胜,埃尔克森，胡尔克
中超联赛,21,2018.09.01,河北华夏,1,1,上海上港,平,武磊
中超联赛,22,2018.09.14,天津泰达,2,5,上海上港,胜,奥斯卡2，武磊，胡尔克，埃尔克森
中超联赛,13(补赛),2018.09.18,上海上港,2,1,广州恒大,胜,武磊，埃尔克森
中超联赛,23,2018.09.22,上海上港,3,1,长春亚泰,胜,奥斯卡，蔡慧康，吕文君
中超联赛,24,2018.09.29,北京国安,0,1,上海上港,胜,胡尔克
中超联赛,25,2018.10.07,上海上港,5,0,贵州恒丰,胜,武磊2，王燊超，胡尔克，埃尔克森
中超联赛,26,2018.10.21,江苏苏宁,0,0,上海上港,平,/
中超联赛,27,2018.10.28,上海上港,4,2,山东鲁能,胜,武磊2，胡尔克2（2PK）
中超联赛,28,2018.11.03,广州恒大,4,5,上海上港,胜,吕文君，蔡慧康，武磊，胡尔克(PK)，张成林(OG)
中超联赛,29,2018.11.07,上海上港,2,1,北京人和,胜,艾哈迈多夫，武磊
中超联赛,30,2018.11.11,天津权健,3,2,上海上港,负,张一，刘奕鸣(OG)
超级杯,,2019.02.23,上海上港,2,0,北京国安,胜,王燊超，吕文君
中超联赛,1,2019.03.01,上海申花,0,4,上海上港,胜,吕文君，奥斯卡，艾哈迈多夫，瓜林(OG)
亚冠联赛,H组第一轮,2019.03.06,上海上港,1,0,川崎前锋,胜,胡尔克(PK)
中超联赛,2,2019.03.09,上海上港,3,2,江苏苏宁,胜,张卫，吕文君，汪嵩(OG)
亚冠联赛,H组第二轮,2019.03.13,蔚山现代,1,0,上海上港,负,/
中超联赛,3,2019.03.30,河北华夏,1,2,上海上港,胜,埃尔克森，艾哈迈多夫
中超联赛,4,2019.04.05,上海上港,2,3,重庆力帆,负,吕文君，胡尔克/颜骏凌(OG)
亚冠联赛,H组第三轮,2019.04.10,悉尼FC,3,3,上海上港,平,吕文君，于海，埃尔克森
中超联赛,5,2019.04.14,上海上港,2,1,武汉卓尔,胜,埃尔克森，胡尔克(PK)
中超联赛,6,2019.04.19,天津天海,0,0,上海上港,平,/
亚冠联赛,H组第四轮,2019.04.23,上海上港,2,2,悉尼FC,平,王燊超，埃尔克森
中超联赛,7,2019.04.28,天津泰达,0,2,上海上港,胜,埃尔克森2
足协杯,十六分之一决赛,2019.05.01,武汉卓尔,1,3,上海上港,胜,傅欢，吕文君，奥斯卡/颜骏凌(OG)
中超联赛,8,2019.05.04,上海上港,2,0,广州富力,胜,李圣龙，胡尔克
亚冠联赛,H组第五轮,2019.05.07,川崎前锋,2,2,上海上港,平,胡尔克2
中超联赛,9,2019.05.12,上海上港,2,1,山东鲁能,胜,埃尔克森，胡尔克(PK)
中超联赛,10,2019.05.17,河南建业,0,1,上海上港,胜,埃尔克森
亚冠联赛,H组第六轮,2019.05.21,上海上港,5,0,蔚山现代,胜,奥斯卡3，李圣龙，胡靖航
中超联赛,11,2019.05.26,上海上港,2,1,北京国安,胜,奥斯卡，蔡慧康
足协杯,八分之一决赛,2019.05.29,上海上港,4,0,吉林百嘉,胜,杨世元2，李圣龙，胡靖航
中超联赛,12,2019.06.02,大连一方,1,2,上海上港,胜,埃尔克森，李圣龙
中超联赛,13,2019.06.14,上海上港,0,2,广州恒大,负,/
亚冠联赛,八分之一决赛首回合,2019.06.19,上海上港,1,1,全北现代,平,王燊超
中超联赛,14,2019.06.22,上海上港,3,0,北京人和,胜,奥斯卡，李圣龙，埃尔克森
亚冠联赛,八分之一决赛次回合,2019.06.26,全北现代,1,1,上海上港,平,胡尔克/(上海上港点球5:3，两回合总比分总比分7:5晋级)
中超联赛,15,2019.06.30,深圳佳兆业,0,1,上海上港,胜,奥斯卡/胡尔克(PK)
中超联赛,16,2019.07.06,上海上港,3,1,上海申花,胜,胡尔克2，王燊超/贺惯(OG)，埃尔克森(PK)
中超联赛,17,2019.07.13,江苏苏宁,0,3,上海上港,胜,胡尔克，张卫，奥斯卡
中超联赛,18,2019.07.17,上海上港,3,0,河北华夏,胜,陈彬彬，胡尔克，奥斯卡
中超联赛,19,2019.07.21,重庆力帆,2,2,上海上港,平,阿瑙托维奇，元敏诚(OG)
足协杯,四分之一决赛,2019.07.24,广州恒大,0,2,上海上港,胜,胡尔克，奥斯卡
中超联赛,20,2019.07.28,武汉卓尔,1,1,上海上港,平,阿瑙托维奇
中超联赛,21,2019.08.03,上海上港,0,0,天津天海,平,/
中超联赛,23(提前),2019.08.09,广州富力,2,2,上海上港,平,阿瑙托维奇(PK)，胡靖航
中超联赛,22,2019.08.14,上海上港,5,1,天津泰达,胜,吕文君，阿瑙托维奇，李圣龙，蔡慧康，艾哈迈多夫
足协杯,半决赛,2019.08.20,上海上港,0,2,山东鲁能,负,/
亚冠联赛,四分之一决赛首回合,2019.08.27,上海上港,2,2,浦和红钻,平,胡尔克2(2PK)
中超联赛,24,2019.09.13,山东鲁能,3,1,上海上港,负,胡尔克
亚冠联赛,四分之一决赛次回合,2019.09.17,浦和红钻,1,1,上海上港,平,王燊超
中超联赛,25,2019.09.22,上海上港,2,1,河南建业,胜,奥斯卡，李圣龙
中超联赛,26,2019.10.19,北京国安,0,2,上海上港,胜,李圣龙，艾哈迈多夫
中超联赛,27,2019.10.27,上海上港,3,0,大连一方,胜,李圣龙，奥斯卡，周挺(OG)
中超联赛,28,2019.11.23,广州恒大,2,0,上海上港,负,/
中超联赛,29,2019.11.27,北京人和,1,1,上海上港,平,阿瑙托维奇
中超联赛,30,2019.12.01,上海上港,6,0,深圳佳兆业,胜,阿瑙托维奇4，胡尔克，奥斯卡
亚冠联赛,资格赛第三轮,2020.01.28,上海上港,3,0,武里南联,胜,李圣龙，阿瑙托维奇，胡尔克(PK)
中超联赛,1,2020.07.27,天津泰达,1,3,上海上港,胜,洛佩斯2，王燊超
中超联赛,2,2020.08.02,上海上港,4,0,河北华夏,胜,洛佩斯2，阿瑙托维奇2
中超联赛,3,2020.08.06,青岛黄海,1,1,上海上港,平,奥斯卡(PK)
中超联赛,4,2020.08.12,上海上港,2,1,武汉卓尔,胜,阿瑙托维奇，奥斯卡(PK)
中超联赛,5,2020.08.16,上海上港,1,1,石家庄永昌,平,胡尔克
中超联赛,6,2020.08.22,北京国安,1,2,上海上港,胜,王燊超，奥斯卡
中超联赛,7,2020.08.26,上海上港,3,0,重庆当代,胜,阿瑙托维奇，王燊超，奥斯卡
中超联赛,8,2020.08.29,上海上港,4,1,天津泰达,胜,艾哈迈多夫，胡尔克，阿瑙托维奇，奥斯卡(PK)
中超联赛,9,2020.09.05,河北华夏,2,0,上海上港,负,/
中超联赛,10,2020.09.10,上海上港,2,1,青岛黄海,胜,胡尔克，阿瑙托维奇
中超联赛,11,2020.09.15,武汉卓尔,1,2,上海上港,胜,阿瑙托维奇，穆伊
足协杯,第一轮,2020.09.19,上海上港,3,2,重庆当代,胜,奥斯卡，于海，李圣龙
中超联赛,12,2020.09.22,石家庄永昌,0,1,上海上港,胜,胡尔克(PK)
中超联赛,13,2020.09.25,上海上港,1,0,北京国安,胜,胡尔克(PK)
中超联赛,14,2020.09.28,重庆当代,1,0,上海上港,负,/
中超联赛,15,2020.10.18,上海申花,0,0,上海上港,平,/
中超联赛,16,2020.10.23,上海上港,1,1,上海申花,平,胡尔克(PK)/(两回合双方2:2战平.上海上港点球5:4，两回合总比分7:6晋级)
中超联赛,17,2020.10.29,江苏苏宁,1,1,上海上港,平,张诚(OG)
中超联赛,18,2020.11.02,上海上港,1,2,江苏苏宁,负,杨世元
中超联赛,19,2020.11.07,上海上港,1,2,北京国安,负,郭全博(OG)
中超联赛,20,2020.11.11,北京国安,1,1,上海上港,平,洛佩斯
亚冠联赛,H组第一轮,2020.11.19,悉尼FC,1,2,上海上港,胜,李圣龙2
亚冠联赛,H组第二轮,2020.11.22,全北现代,1,2,上海上港,胜,吕文君，胡尔克(PK)
亚冠联赛,H组第三轮,2020.11.25,上海上港,0,1,横滨水手,负,/奥斯卡(PK)
足协杯,第二轮,2020.11.26,上海上港,0,4,长春亚泰,负,/
亚冠联赛,H组第四轮,2020.11.28,横滨水手,1,2,上海上港,胜,蔡慧康，洛佩斯
亚冠联赛,H组第五轮,2020.12.01,上海上港,0,4,悉尼FC,负,/
亚冠联赛,H组第六轮,2020.12.04,上海上港,0,2,全北现代,负,/
亚冠联赛,八分之一决赛,2020.12.07,神户胜利船,2,0,上海上港,负,/
中超联赛,1,2021.04.22,天津津门虎,1,6,上海海港,胜,/阿瑙托维奇3，洛佩斯2，吕文君
中超联赛,2,2021.04.28,上海海港,3,1,北京国安,胜,洛佩斯2，吕文君
中超联赛,3,2021.05.05,上海申花,1,1,上海海港,平,/穆伊
中超联赛,4,2021.05.11,上海海港,0,0,长春亚泰,平,
中超联赛,5,2021.05.16,上海海港,3,0,大连人,胜,奥斯卡2(1PK)，吕文君/
亚冠联赛,资格赛第三轮,2021.06.23,上海海港,0,1,卡雅FC,负,/
中超联赛,6,2021.07.19,武汉,0,0,上海海港,平,/
中超联赛,7,2021.07.23,上海海港,1,0,河北,胜,奥斯卡(PK)/
中超联赛,9,2021.07.28,北京国安,1,1,上海海港,平,王燊超/
中超联赛,10,2021.07.31,上海海港,1,0,上海申花,胜,李圣龙/
中超联赛,11,2021.08.03,长春亚泰,2,1,上海海港,负,/吕文君
中超联赛,12,2021.08.06,大连人,0,5,上海海港,胜,/张华晨，杨世元，吕文君，阿布拉汗，李圣龙
中超联赛,13,2021.08.09,上海海港,3,0,武汉,胜,李超(OG)，吕文君，张华晨/
中超联赛,14,2021.08.12,河北,1,0,上海海港,负,/
中超联赛,8(补赛),2021.08.15,上海海港,5,0,天津津门虎,胜,保利尼奥2，魏震，李昂，陈纯新/
足协杯,十六分之一决赛,2021.10.14,上海海港,1,0,西安骏狼,胜,李申圆/
足协杯,八分之一决赛,2021.10.18,上海海港,2,1,陕西长安竞技,胜,保利尼奥，吕文君(PK)/
足协杯,四分之一决赛首回合,2021.10.24,大连人,0,3,上海海港,胜,吕文君(PK)，李申圆，刘祝润/
足协杯,四分之一决赛次回合,2021.10.29,上海海港,0,0,大连人,平,/
足协杯,半决赛首回合,2021.11.03,上海申花,1,5,上海海港,胜,/吕文君，杨世元，贺惯，保利尼奥，刘祝润
足协杯,半决赛次回合,2021.11.07,上海海港,1,1,上海申花,平,刘祝润/
中超联赛,15,2021.12.13,深圳,1,3,上海海港,胜,/李申圆，奥斯卡，穆伊
中超联赛,16,2021.12.16,上海海港,1,0,广州城,胜,吕文君/
中超联赛,17,2021.12.19,上海海港,0,2,山东泰山,负,/奥斯卡(PK)
中超联赛,18,2021.12.22,广州,0,0,上海海港,平,/
中超联赛,19,2021.12.26,上海海港,3,1,深圳,胜,刘祝润，李申圆，奥斯卡(PK)/
中超联赛,20,2021.12.29,广州城,1,2,上海海港,胜,/穆伊2
中超联赛,21,2022.01.01,山东泰山,2,2,上海海港,平,/胡靖航，穆伊
中超联赛,22,2022.01.04,上海海港,1,0,广州,胜,刘祝润/
足协杯,决赛,2022.01.09,山东泰山,1,0,上海海港,负,/
中超联赛,1,2022.06.04,上海海港,0,1,武汉长江,负,/
中超联赛,2,2022.06.08,上海申花,2,0,上海海港,负,/
中超联赛,3,2022.06.11,河北,0,2,上海海港,胜,张琳芃，恩迪亚耶
中超联赛,4,2022.06.15,上海海港,1,0,广州,胜,冯劲
中超联赛,5,2022.06.19,武汉三镇,2,1,上海海港,负,恩迪亚耶
中超联赛,6,2022.06.25,武汉长江,1,2,上海海港,胜,徐新，恩迪亚耶
中超联赛,7,2022.06.29,上海海港,1,1,上海申花,平,恩迪亚耶(PK)
中超联赛,8,2022.07.04,上海海港,2,1,河北,胜,吕文君，刘祝润
中超联赛,9,2022.07.08,广州,0,1,上海海港,胜,奥斯卡(PK)
中超联赛,10,2022.07.12,上海海港,0,1,武汉三镇,负,/
中超联赛,11,2022.08.06,大连人,1,1,上海海港,平,吕文君
中超联赛,13,2022.08.16,上海海港,2,0,深圳,胜,裴帅(OG)，恩迪亚耶
中超联赛,14,2022.08.20,上海海港,1,1,浙江,平,吕文君
中超联赛,15,2022.08.27,上海海港,1,0,天津津门虎,胜,张华晨
中超联赛,12(补赛),2022.09.01,沧州雄狮,0,0,上海海港,平,/
中超联赛,16(补赛),2022.09.20,河南嵩山龙门,1,2,上海海港,胜,/蒋光太，蔡慧康
中超联赛,17(补赛),2022.09.25,上海海港,2,0,广州城,胜,王燊超，恩迪亚耶/
中超联赛,18(补赛),2022.09.29,上海海港,3,0,成都蓉城,胜,吕文君，武磊2/
中超联赛,21,2022.10.05,上海海港,0,1,北京国安,负,/
中超联赛,22,2022.10.09,长春亚泰,1,4,上海海港,胜,/吕文君2，保利尼奥，李圣龙
中超联赛,19(补赛),2022.10.24,上海海港,7,0,梅州客家,胜,武磊3，刘柏杨2，保利尼奥，蒋光太
中超联赛,20(补赛),2022.10.30,山东泰山,3,1,上海海港,负,/武磊
中超联赛,23,2022.11.04,上海海港,2,1,大连人,胜,武磊，冯劲/
中超联赛,24,2022.11.08,上海海港,2,0,沧州雄狮,胜,保利尼奥，陈纯新/
中超联赛,25,2022.11.13,深圳,0,3,上海海港,胜,吕文君，王燊超，武磊/
足协杯,十六分之一决赛,2022.11.18,南京城市,0,5,上海海港,胜,保利尼奥，王燊超，冯劲，吕文君，冯劲
中超联赛,26,2022.11.22,浙江,2,1,上海海港,负,武磊(PK)
中超联赛,27,2022.11.26,天津津门虎,1,0,上海海港,负,/
中超联赛,28,2022.11.30,上海海港,1,3,河南嵩山龙门,负,武磊
中超联赛,29,2022.12.04,广州城,1,2,上海海港,胜,巴尔加斯，武磊(PK)/
中超联赛,30,2022.12.10,成都蓉城,0,0,上海海港,平,/
中超联赛,31,2022.12.15,梅州客家,0,1,上海海港,胜,黎德明
足协杯,八分之一决赛,2022.12.19,上海海港,3,0,苏州东吴,胜,/(由于苏州东吴退赛，上海海港被判3:0获胜)
中超联赛,32,2022.12.23,上海海港,2,0,山东泰山,胜,恩迪亚耶，刘祝润/
中超联赛,33,2022.12.27,北京国安,0,3,上海海港,胜,/(由于北京国安退赛，上海海港被判3:0获胜)
中超联赛,34,2022.12.31,上海海港,4,0,长春亚泰,胜,吕文君，恩迪亚耶，恩迪亚耶，卡隆/
足协杯,四分之一决赛首回合,2023.01.05,上海海港,4,0,成都蓉城,胜,王燊超，吕文君，卡隆，武磊/
足协杯,四分之一决赛次回合,2023.01.08,成都蓉城,0,4,上海海港,胜,/武磊，刘祝润，奥斯卡，阿布拉汗
足协杯,半决赛,2023.01.11,浙江,0,0,上海海港,平,/(浙江点球5:3，总比分5:3晋级)
中超联赛,1,2023.04.15,武汉三镇,0,2,上海海港,胜,/保利尼奥，保利尼奥
中超联赛,2,2023.04.22,上海海港,3,2,深圳,胜,蒋光太，平科，武磊/
中超联赛,3,2023.04.26,沧州雄狮,0,1,上海海港,胜,/武磊
中超联赛,4,2023.04.30,上海海港,1,1,上海申花,平,武磊/
中超联赛,5,2023.05.06,天津津门虎,0,0,上海海港,平,/
中超联赛,6,2023.05.10,上海海港,2,1,青岛海牛,胜,王燊超，王燊超/
中超联赛,7,2023.05.14,浙江,1,2,上海海港,胜,/武磊，武磊
中超联赛,8,2023.05.20,梅州客家,0,2,上海海港,胜,/吕文君，武磊
中超联赛,9,2023.05.24,上海海港,3,2,河南,胜,王燊超，奥斯卡(PK)，武磊/
中超联赛,10,2023.05.29,长春亚泰,0,3,上海海港,胜,/卡隆，保利尼奥，奥斯卡
中超联赛,11,2023.06.03,上海海港,0,1,成都蓉城,负,/
中超联赛,12,2023.06.09,上海海港,2,1,南通支云,胜,奥斯卡(PK)，奥斯卡(PK)/
足协杯,十六分之一决赛,2023.06.24,广州,1,3,上海海港,胜,/平科，吕文君，李圣龙
中超联赛,13,2023.06.29,北京国安,1,2,上海海港,胜,/吕文君，木热合买提江
中超联赛,14,2023.07.03,山东泰山,1,1,上海海港,平,/李圣龙
中超联赛,15,2023.07.08,上海海港,1,1,大连人,平,李圣龙/
中超联赛,16,2023.07.12,上海海港,3,1,武汉三镇,胜,李圣龙，高准翼(OG)，武磊/奥斯卡(PK)
中超联赛,17,2023.07.16,深圳,1,4,上海海港,胜,/王燊超，奥斯卡，元敏诚(OG)，武磊
中超联赛,18,2023.07.21,上海海港,3,0,沧州雄狮,胜,吕文君，武磊，卡隆/
足协杯,八分之一决赛,2023.07.25,天津津门虎,0,0,上海海港,平,/(天津津门虎点球5:3，总比分5:3晋级)
中超联赛,19,2023.07.29,上海申花,0,5,上海海港,胜,/奥斯卡(PK)，武磊，武磊，奥斯卡，吕文君
中超联赛,20,2023.08.03,上海海港,2,1,天津津门虎,胜,吕文君，卡隆/
中超联赛,21,2023.08.08,青岛海牛,5,0,上海海港,胜,/马兴煜(OG)，武磊，卡隆，武磊，卡隆
中超联赛,22,2023.08.12,上海海港,3,4,浙江,负,若昂，奥斯卡(PK)，若昂/
中超联赛,23,2023.08.18,上海海港,1,1,梅州客家,平,奥斯卡/
亚冠联赛,附加赛,2023.08.22,上海海港,2,3,巴吞联,负,木热合买提江，平科/
中超联赛,24,2023.08.25,河南,3,1,上海海港,负,/若昂
中超联赛,25,2023.09.15,上海海港,2,0,长春亚泰,胜,巴尔加斯，魏震/
中超联赛,26,2023.09.23,成都蓉城,2,1,上海海港,负,/平科
中超联赛,27,2023.09.29,南通支云,0,1,上海海港,胜,/武磊
中超联赛,28,2023.10.20,上海海港,1,2,北京国安,负,武磊/
中超联赛,29,2023.10.29,上海海港,1,1,山东泰山,平,吕文君/
中超联赛,30,2023.11.04,大连人,2,3,上海海港,胜,/李昂，武磊(PK)，武磊
超级杯,,2024.02.25,上海海港,0,1,上海申花,负,/
中超联赛,1,2024.03.01,上海海港,3,1,武汉三镇,胜,武磊，武磊，王燊超/
中超联赛,2,2024.03.09,浙江,0,0,上海海港,平,/
中超联赛,3,2024.03.30,上海海港,3,1,河南俱乐部酒祖杜康,胜,武磊，张琳芃，巴尔加斯/
中超联赛,4,2024.04.05,北京国安,2,2,上海海港,平,武磊，武磊
中超联赛,5,2024.04.09,南通支云,0,3,上海海港,胜,/奥斯卡(PK)，奥斯卡(PK)，李昂
中超联赛,6,2024.04.14,上海海港,4,3,山东泰山,胜,古斯塔沃，奇塔迪尼，武磊，武磊/
中超联赛,8,2024.04.27,上海海港,1,1,上海申花,平,古斯塔沃/
中超联赛,9,2024.05.01,青岛海牛,0,5,上海海港,胜,/武磊，古斯塔沃，古斯塔沃，王燊超，武磊
中超联赛,10,2024.05.05,深圳新鹏城,0,6,上海海港,胜,/奥斯卡(PK)，武磊，巴尔加斯，巴尔加斯，古斯塔沃，巴尔加斯(PK)
中超联赛,11,2024.05.10,上海海港,5,2,长春亚泰,胜,古斯塔沃，武磊，巴尔加斯，武磊，古斯塔沃/
中超联赛,12,2024.05.18,青岛西海岸,3,5,上海海港,胜,/武磊，古斯塔沃，古斯塔沃，巴尔加斯，武磊
中超联赛,13,2024.05.22,上海海港,2,0,成都蓉城,胜,奥斯卡(PK)，巴尔加斯/
中超联赛,14,2024.05.26,上海海港,4,1,沧州雄狮,胜,奥斯卡，奥斯卡，武磊，奥斯卡/
中超联赛,15,2024.06.14,天津津门虎,0,3,上海海港,胜,/古斯塔沃，蒋光太，古斯塔沃
中超联赛,7(补赛),2024.06.18,梅州客家,1,2,上海海港,胜,/奇塔迪尼，武磊
足协杯,十六分之一决赛,2024.06.21,广西恒宸,0,2,上海海港,胜,/蒋泽军(OG)，冯劲
中超联赛,16,2024.06.25,武汉三镇,0,2,上海海港,胜,/奥斯卡，巴尔加斯
中超联赛,17,2024.06.29,上海海港,3,1,浙江,胜,武磊，武磊，武磊/
中超联赛,18,2024.07.05,河南俱乐部酒祖杜康,0,1,上海海港,胜,/奥斯卡(PK)
中超联赛,19,2024.07.12,上海海港,5,1,北京国安,胜,武磊，古斯塔沃，古斯塔沃，奥斯卡，武磊/
足协杯,八分之一决赛,2024.07.17,浙江,1,2,上海海港,胜,/李圣龙，巴尔加斯
中超联赛,24(提前),2024.07.21,上海海港,5,0,青岛海牛,胜,奇塔迪尼，古斯塔沃，古斯塔沃，古斯塔沃，武磊/
中超联赛,20,2024.07.26,上海海港,8,1,南通支云,胜,古斯塔沃，古斯塔沃，尤萨，巴尔加斯，武磊，徐新，冯劲，奥斯卡/
中超联赛,21,2024.08.03,山东泰山,0,1,上海海港,胜,/武磊
中超联赛,22,2024.08.09,上海海港,7,2,梅州客家,胜,武磊，古斯塔沃，武磊，武磊，武磊，巴尔加斯，巴尔加斯/
中超联赛,23,2024.08.17,上海申花,3,1,上海海港,负,/王燊超
足协杯,四分之一决赛,2024.08.22,上海海港,3,0,天津津门虎,胜,武磊，武磊，武磊/
中超联赛,25,2024.09.13,上海海港,2,0,深圳新鹏城,胜,武磊，冯劲/
亚冠联赛,小组赛第一轮,2024.09.18,上海海港,2,2,柔佛新山,平,古斯塔沃，波普/
中超联赛,26,2024.09.21,长春亚泰,3,4,上海海港,胜,/苏祖(OG)，古斯塔沃，武磊，武磊
足协杯,半决赛,2024.09.25,上海海港,3,2,上海申花,胜,奇塔迪尼，奇塔迪尼，奥斯卡(PK)/
中超联赛,27,2024.09.28,上海海港,2,1,青岛西海岸,胜,奥斯卡，奥斯卡/
亚冠联赛,小组赛第二轮,2024.10.01,浦项铁人,3,0,上海海港,负,/
中超联赛,28,2024.10.18,成都蓉城,3,1,上海海港,负,/尤萨
亚冠联赛,小组赛第三轮,2024.10.22,上海海港,3,2,中央海岸水手,胜,李昂，武磊，巴尔加斯/
中超联赛,29,2024.10.27,沧州雄狮,0,1,上海海港,胜,/武磊
中超联赛,30,2024.11.02,上海海港,5,0,天津津门虎,胜,奇塔迪尼，巴尔加斯，奥斯卡(PK)，武磊，武磊/
亚冠联赛,小组赛第四轮,2024.11.05,川崎前锋,3,1,上海海港,负,/巴尔加斯
足协杯,决赛,2024.11.23,山东泰山,1,3,上海海港,胜,/李帅，奇塔迪尼，王振澳
亚冠联赛,小组赛第五轮,2024.11.26,蔚山HD,1,3,上海海港,胜,/巴尔加斯，巴尔加斯，巴尔加斯
亚冠联赛,小组赛第六轮,2024.12.03,上海海港,1,1,光州FC,平,奥斯卡(PK)/
超级杯,,2025.02.07,上海海港,2,3,上海申花,负,加布里埃尔，加布里埃尔/
亚冠联赛,小组赛第七轮,2025.02.11,神户胜利船,4,0,上海海港,负,/
亚冠联赛,小组赛第八轮,2025.02.19,上海海港,0,2,横滨水手,负,/
中超联赛,1,2025.02.23,上海海港,3,1,深圳新鹏城,胜,尤萨，古斯塔沃，古斯塔沃(PK)/
中超联赛,2,2025.02.28,上海海港,2,0,长春亚泰,胜,冯劲，莱昂纳多/
亚冠联赛,八分之一决赛首回合,2025.03.04,上海海港,0,1,横滨水手,负,/
亚冠联赛,八分之一决赛次回合,2025.03.11,横滨水手,4,1,上海海港,负,/莱昂纳多
中超联赛,3,2025.03.28,青岛西海岸,3,3,上海海港,平,/李新翔，古斯塔沃，莱昂纳多
中超联赛,4,2025.04.02,上海海港,2,1,梅州客家,胜,古斯塔沃，李圣龙/
中超联赛,5,2025.04.06,上海海港,1,1,上海申花,平,刘若钒/
中超联赛,7,2025.04.16,天津津门虎,1,4,上海海港,胜,/加布里埃尔，谢维军(OG)，莱昂纳多，王燊超
中超联赛,8,2025.04.20,上海海港,1,3,成都蓉城,负,古斯塔沃/
中超联赛,9,2025.04.25,云南玉昆,2,3,上海海港,胜,/莱昂纳多，加布里埃尔，莱昂纳多
中超联赛,10,2025.05.01,上海海港,1,2,北京国安,负,刘若钒/
中超联赛,11,2025.05.05,武汉三镇,0,2,上海海港,胜,/王燊超，维塔尔
中超联赛,12,2025.05.09,上海海港,3,1,青岛海牛,胜,维塔尔，莱昂纳多，古斯塔沃/
中超联赛,13,2025.05.17,上海海港,1,1,山东泰山,平,武磊(PK)/
足协杯,十六分之一决赛,2025.05.21,苏州东吴,2,6,上海海港,胜,/加布里埃尔，尤萨，古斯塔沃，蒯纪闻，古斯塔沃，李圣龙
中超联赛,14,2025.06.14,浙江俱乐部绿城,2,2,上海海港,平,/加布里埃尔，莱昂纳多
中超联赛,6(补赛),2025.06.18,河南俱乐部酒祖杜康,1,3,上海海港,胜,/李新翔，加布里埃尔，莱昂纳多
足协杯,八分之一决赛,2025.06.22,上海海港,2,3,上海申花,负,加布里埃尔，古斯塔沃/
中超联赛,15,2025.06.26,上海海港,3,0,大连英博海发,胜,古斯塔沃，李新翔，张琳芃/
中超联赛,16,2025.06.30,深圳新鹏城,1,2,上海海港,胜,/李新翔，莱昂纳多
中超联赛,17,2025.07.18,长春亚泰,1,3,上海海港,胜,/阿不都海米提(OG)，加布里埃尔，徐新
中超联赛,18,2025.07.26,上海海港,2,2,青岛西海岸,平,莱昂纳多，加布里埃尔(PK)/
中超联赛,19,2025.08.02,梅州客家,2,4,上海海港,胜,/加布里埃尔(PK)，莱昂纳多，王嘉楠(OG)，刘若钒
中超联赛,20,2025.08.09,上海申花,1,2,上海海港,胜,/加布里埃尔，莱昂纳多
中超联赛,21,2025.08.15,上海海港,4,1,河南俱乐部酒祖杜康,胜,王燊超，维塔尔，蒯纪闻，莱昂纳多，梅伦多/
中超联赛,22,2025.08.24,上海海港,1,1,天津津门虎,平,加布里埃尔(PK)/
中超联赛,23,2025.08.30,成都蓉城,4,1,上海海港,负,/李帅
中超联赛,24,2025.09.12,上海海港,4,2,云南玉昆,胜,莱昂纳多，刘若钒，维塔尔(PK)，刘若钒/
亚冠联赛,小组赛第一轮,2025.09.17,上海海港,0,3,神户胜利船,负,/
中超联赛,25,2025.09.21,北京国安,2,3,上海海港,胜,/莱昂纳多，莱昂纳多，莱昂纳多
中超联赛,26,2025.09.26,上海海港,3,2,武汉三镇,胜,李帅，莱昂纳多，莱昂纳多/
亚冠联赛,小组赛第二轮,2025.09.30,广岛三箭,1,1,上海海港,平,/加布里埃尔
中超联赛,27,2025.10.17,青岛海牛,3,4,上海海港,胜,/加布里埃尔，莱昂纳多，莱昂纳多，李新翔
亚冠联赛,小组赛第三轮,2025.10.21,上海海港,0,2,町田泽维亚,负,/
中超联赛,28,2025.10.26,山东泰山,3,1,上海海港,负,/李新翔
中超联赛,29,2025.10.31,上海海港,3,0,浙江俱乐部绿城,胜,刘浩帆(OG)，王燊超，维塔尔/
亚冠联赛,小组赛第四轮,2025.11.04,武里南联,2,0,上海海港,负,/
中超联赛,30,2025.11.22,大连英博海发,0,1,上海海港,胜,/加布里埃尔
亚冠联赛,小组赛第五轮,2025.11.25,上海海港,1,3,首尔FC,负,维塔尔/
亚冠联赛,小组赛第六轮,2025.12.09,柔佛新山,0,0,上海海港,平,/
亚冠联赛,小组赛第七轮,2026.02.11,江原FC,0,0,上海海港,平,/
亚冠联赛,小组赛第八轮,2026.02.18,上海海港,0,0,蔚山HD,平,/
注：2022年中超联赛第33轮由于北京国安退赛以及足协杯八分之一决赛由于苏州东吴退赛，上海海港被判3:0获胜,,,,,,,,